sensor_ts,store_id,shelf_id,temperature_c,humidity_pct,battery_mv
2024-01-01T00:07:57,10,sensor-10,18.93,37.72,3756
2024-01-02T00:16:47,10,sensor-20,25.29,40.07,3412
2024-01-01T00:25:37,10,sensor-30,17.33,49.96,3812
2024-01-02T00:34:27,10,sensor-40,22.74,41.13,3116
2024-01-01T00:43:17,10,sensor-50,16.59,32.02,3841
2024-01-02T00:52:07,10,sensor-10,31.03,22.20,3167
2024-01-01T01:00:57,10,sensor-20,27.89,31.15,3163
2024-01-02T01:09:47,10,sensor-30,26.55,31.03,4052
2024-01-01T01:18:37,10,sensor-40,21.80,52.74,4119
2024-01-02T01:27:27,10,sensor-50,18.67,40.43,3913
2024-01-01T01:36:17,10,sensor-10,27.91,52.16,3489
2024-01-02T01:45:07,10,sensor-20,23.99,32.90,3749
2024-01-01T01:53:57,10,sensor-30,16.66,48.59,3152
2024-01-02T02:02:47,10,sensor-40,23.15,51.72,3873
2024-01-01T02:11:37,10,sensor-50,23.39,38.44,3544
2024-01-02T02:20:27,10,sensor-10,24.16,51.70,3029
2024-01-01T02:29:17,10,sensor-20,21.50,21.32,3132
2024-01-02T02:38:07,10,sensor-30,24.05,47.63,3349
2024-01-01T02:46:57,10,sensor-40,21.72,51.21,3751
2024-01-02T02:55:47,10,sensor-50,15.55,38.72,3594
2024-01-01T03:04:37,10,sensor-10,22.80,35.36,3616
2024-01-02T03:13:27,10,sensor-20,28.08,38.44,4075
2024-01-01T03:22:17,10,sensor-30,22.96,49.63,3072
2024-01-02T03:31:07,10,sensor-40,24.10,52.05,3422
2024-01-01T03:39:57,10,sensor-50,28.58,54.75,3717
2024-01-02T03:48:47,10,sensor-10,22.04,66.91,3032
2024-01-01T03:57:37,10,sensor-20,16.27,47.64,3902
2024-01-02T04:06:27,10,sensor-30,23.43,37.35,3794
2024-01-01T04:15:17,10,sensor-40,27.85,64.03,4088
2024-01-02T04:24:07,10,sensor-50,22.39,52.84,4013
2024-01-01T04:32:57,10,sensor-10,23.94,37.02,3356
2024-01-02T04:41:47,10,sensor-20,27.39,29.92,3177
2024-01-01T04:50:37,10,sensor-30,19.40,62.74,3151
2024-01-02T04:59:27,10,sensor-40,20.83,42.63,3909
2024-01-01T05:08:17,10,sensor-50,18.50,58.38,3747
2024-01-02T05:17:07,10,sensor-10,19.40,62.21,3449
2024-01-01T05:25:57,10,sensor-20,21.48,48.58,3039
2024-01-02T05:34:47,10,sensor-30,20.57,44.52,3263
2024-01-01T05:43:37,10,sensor-40,24.81,31.97,3656
2024-01-02T05:52:27,10,sensor-50,21.20,19.36,3011
2024-01-01T06:01:17,10,sensor-10,16.07,42.52,3458
2024-01-02T06:10:07,10,sensor-20,31.24,68.41,3175
2024-01-01T06:18:57,10,sensor-30,22.90,37.64,4198
2024-01-02T06:27:47,10,sensor-40,29.72,45.74,3808
2024-01-01T06:36:37,10,sensor-50,23.28,45.78,3427
2024-01-02T06:45:27,10,sensor-10,20.79,48.77,3151
2024-01-01T06:54:17,10,sensor-20,19.32,53.53,3968
2024-01-02T07:03:07,10,sensor-30,27.93,48.92,3407
2024-01-01T07:11:57,10,sensor-40,19.29,30.53,3086
2024-01-02T07:20:47,10,sensor-50,17.06,55.97,4168
2024-01-01T07:29:37,10,sensor-10,23.37,51.08,3445
2024-01-02T07:38:27,10,sensor-20,20.97,33.63,3399
2024-01-01T07:47:17,10,sensor-30,18.26,60.32,3682
2024-01-02T07:56:07,10,sensor-40,23.07,59.72,3389
2024-01-01T08:04:57,10,sensor-50,28.40,36.15,3951
2024-01-02T08:13:47,10,sensor-10,21.27,60.87,3240
2024-01-01T08:22:37,10,sensor-20,26.78,43.42,3987
2024-01-02T08:31:27,10,sensor-30,26.73,28.91,4062
2024-01-01T08:40:17,10,sensor-40,20.05,67.49,3100
2024-01-02T08:49:07,10,sensor-50,21.40,16.93,3448
2024-01-01T08:57:57,10,sensor-10,23.81,60.06,3011
2024-01-02T09:06:47,10,sensor-20,17.86,26.63,3607
2024-01-01T09:15:37,10,sensor-30,28.74,58.08,4014
2024-01-02T09:24:27,10,sensor-40,26.18,39.89,3467
2024-01-01T09:33:17,10,sensor-50,28.03,36.22,3911
2024-01-02T09:42:07,10,sensor-10,19.88,48.37,3062
2024-01-01T09:50:57,10,sensor-20,19.63,47.66,3888
2024-01-02T09:59:47,10,sensor-30,23.87,55.18,3700
2024-01-01T10:08:37,10,sensor-40,15.98,53.44,4110
2024-01-02T10:17:27,10,sensor-50,31.37,50.40,3070
2024-01-01T10:26:17,10,sensor-10,17.91,30.31,3351
2024-01-02T10:35:07,10,sensor-20,22.42,36.39,4188
2024-01-01T10:43:57,10,sensor-30,17.94,49.53,4007
2024-01-02T10:52:47,10,sensor-40,21.18,54.53,3725
2024-01-01T11:01:37,10,sensor-50,23.13,50.42,3593
2024-01-02T11:10:27,10,sensor-10,22.58,68.76,4046
2024-01-01T11:19:17,10,sensor-20,17.13,53.35,3061
2024-01-02T11:28:07,10,sensor-30,26.28,19.49,4184
2024-01-01T11:36:57,10,sensor-40,17.37,60.26,3484
2024-01-02T11:45:47,10,sensor-50,20.76,49.69,3110
2024-01-01T11:54:37,10,sensor-10,23.63,36.51,3253
2024-01-02T12:03:27,10,sensor-20,24.13,33.47,3256
2024-01-01T12:12:17,10,sensor-30,25.22,46.04,3900
2024-01-02T12:21:07,10,sensor-40,25.31,46.98,4151
2024-01-01T12:29:57,10,sensor-50,18.20,50.92,4092
2024-01-02T12:38:47,10,sensor-10,22.11,63.42,3022
2024-01-01T12:47:37,10,sensor-20,23.56,56.56,3949
2024-01-02T12:56:27,10,sensor-30,22.93,40.18,4109
2024-01-01T13:05:17,10,sensor-40,24.08,51.10,3697
2024-01-02T13:14:07,10,sensor-50,22.69,43.62,3766
2024-01-01T13:22:57,10,sensor-10,27.00,53.96,3381
2024-01-02T13:31:47,10,sensor-20,22.64,59.80,3555
2024-01-01T13:40:37,10,sensor-30,25.59,47.59,3510
2024-01-02T13:49:27,10,sensor-40,19.22,24.47,3057
2024-01-01T13:58:17,10,sensor-50,29.20,33.01,4093
2024-01-02T14:07:07,10,sensor-10,25.23,48.48,4154
2024-01-01T14:15:57,10,sensor-20,22.05,41.20,3044
2024-01-02T14:24:47,10,sensor-30,28.51,52.30,3981
2024-01-01T14:33:37,10,sensor-40,17.65,57.87,3184
2024-01-02T14:42:27,10,sensor-50,13.53,41.76,3983
2024-01-01T14:51:17,10,sensor-10,22.77,48.15,3460
2024-01-02T15:00:07,10,sensor-20,16.32,53.76,4142
2024-01-01T15:08:57,10,sensor-30,26.06,32.02,3723
2024-01-02T15:17:47,10,sensor-40,13.72,50.10,3219
2024-01-01T15:26:37,10,sensor-50,19.42,34.83,3835
2024-01-02T15:35:27,10,sensor-10,21.76,47.97,4061
2024-01-01T15:44:17,10,sensor-20,29.93,48.69,3294
2024-01-02T15:53:07,10,sensor-30,25.78,25.35,4101
2024-01-01T16:01:57,10,sensor-40,21.12,23.75,3946
2024-01-02T16:10:47,10,sensor-50,20.45,48.82,3539
2024-01-01T16:19:37,10,sensor-10,25.83,36.75,3934
2024-01-02T16:28:27,10,sensor-20,20.06,37.42,3796
2024-01-01T16:37:17,10,sensor-30,23.54,20.05,3472
2024-01-02T16:46:07,10,sensor-40,31.53,40.31,3675
2024-01-01T16:54:57,10,sensor-50,22.19,35.12,4014
2024-01-02T17:03:47,10,sensor-10,20.48,55.44,3465
2024-01-01T17:12:37,10,sensor-20,28.46,54.00,3171
2024-01-02T17:21:27,10,sensor-30,24.64,29.02,3252
2024-01-01T17:30:17,10,sensor-40,18.40,67.86,3053
2024-01-02T17:39:07,10,sensor-50,21.53,56.19,3419
2024-01-01T17:47:57,10,sensor-10,20.13,42.85,4049
2024-01-02T17:56:47,10,sensor-20,24.12,48.53,4144
2024-01-01T18:05:37,10,sensor-30,21.99,38.88,3451
2024-01-02T18:14:27,10,sensor-40,21.51,36.43,3993
2024-01-01T18:23:17,10,sensor-50,19.81,36.36,3567
2024-01-02T18:32:07,10,sensor-10,27.68,49.93,3585
2024-01-01T18:40:57,10,sensor-20,29.67,42.59,4181
2024-01-02T18:49:47,10,sensor-30,26.89,28.82,3685
2024-01-01T18:58:37,10,sensor-40,17.31,56.98,3227
2024-01-02T19:07:27,10,sensor-50,22.74,43.40,3022
2024-01-01T19:16:17,10,sensor-10,26.01,41.18,3999
2024-01-02T19:25:07,10,sensor-20,20.29,51.54,3669
2024-01-01T19:33:57,10,sensor-30,17.41,58.74,4077
2024-01-02T19:42:47,10,sensor-40,24.98,45.90,3664
2024-01-01T19:51:37,10,sensor-50,21.50,37.44,3185
2024-01-02T20:00:27,10,sensor-10,22.36,40.31,3047
2024-01-01T20:09:17,10,sensor-20,29.05,44.10,3731
2024-01-02T20:18:07,10,sensor-30,20.19,26.68,4098
2024-01-01T20:26:57,10,sensor-40,20.95,36.99,3024
2024-01-02T20:35:47,10,sensor-50,23.38,36.23,4186
2024-01-01T20:44:37,10,sensor-10,25.06,36.34,3142
2024-01-02T20:53:27,10,sensor-20,15.04,32.28,3466
2024-01-01T21:02:17,10,sensor-30,14.51,36.51,3567
2024-01-02T21:11:07,10,sensor-40,22.05,40.99,3743
2024-01-01T21:19:57,10,sensor-50,23.19,33.76,3824
2024-01-02T21:28:47,10,sensor-10,22.54,63.41,3058
2024-01-01T21:37:37,10,sensor-20,17.49,32.81,3553
2024-01-02T21:46:27,10,sensor-30,19.34,36.51,3036
2024-01-01T21:55:17,10,sensor-40,21.08,59.37,3689
2024-01-02T22:04:07,10,sensor-50,16.98,55.93,3937
2024-01-01T22:12:57,10,sensor-10,16.89,43.91,3010
2024-01-02T22:21:47,10,sensor-20,21.63,60.58,3916
2024-01-01T22:30:37,10,sensor-30,20.81,50.19,4091
2024-01-02T22:39:27,10,sensor-40,18.41,47.27,4148
2024-01-01T22:48:17,10,sensor-50,16.67,59.94,3297
2024-01-02T22:57:07,10,sensor-10,20.15,34.26,3409
2024-01-01T23:05:57,10,sensor-20,25.06,37.37,3684
2024-01-02T23:14:47,10,sensor-30,20.77,68.29,3469
2024-01-01T23:23:37,10,sensor-40,20.60,68.98,3227
2024-01-02T23:32:27,10,sensor-50,13.92,54.52,3676
2024-01-01T23:41:17,10,sensor-10,19.80,37.73,4077
2024-01-02T23:50:07,10,sensor-20,23.80,48.87,3953
2024-01-01T23:58:57,10,sensor-30,28.80,29.05,3939
2024-01-02T00:07:47,10,sensor-40,16.95,31.59,4057
2024-01-01T00:16:37,10,sensor-50,12.41,36.18,3961
2024-01-02T00:25:27,10,sensor-10,26.16,53.19,3492
2024-01-01T00:34:17,10,sensor-20,29.13,30.45,3610
2024-01-02T00:43:07,10,sensor-30,21.44,46.53,3567
2024-01-01T00:51:57,10,sensor-40,22.82,46.86,3851
2024-01-02T01:00:47,10,sensor-50,18.84,52.13,3182
2024-01-01T01:09:37,10,sensor-10,28.43,65.08,3888
2024-01-02T01:18:27,10,sensor-20,19.79,50.10,4158
2024-01-01T01:27:17,10,sensor-30,19.62,48.70,3676
2024-01-02T01:36:07,10,sensor-40,20.70,55.89,3602
2024-01-01T01:44:57,10,sensor-50,25.02,28.05,3486
2024-01-02T01:53:47,10,sensor-10,25.41,51.76,3256
2024-01-01T02:02:37,10,sensor-20,24.25,31.41,3706
2024-01-02T02:11:27,10,sensor-30,20.49,38.21,3167
2024-01-01T02:20:17,10,sensor-40,25.91,62.26,3758
2024-01-02T02:29:07,10,sensor-50,29.87,25.69,3397
2024-01-01T02:37:57,10,sensor-10,24.25,64.79,4198
2024-01-02T02:46:47,10,sensor-20,16.98,29.66,3567
2024-01-01T02:55:37,10,sensor-30,11.47,59.39,3977
2024-01-02T03:04:27,10,sensor-40,22.19,33.28,4200
2024-01-01T03:13:17,10,sensor-50,24.63,33.94,4050
2024-01-02T03:22:07,10,sensor-10,33.30,44.85,3797
2024-01-01T03:30:57,10,sensor-20,26.09,46.49,3246
2024-01-02T03:39:47,10,sensor-30,29.63,39.99,3306
2024-01-01T03:48:37,10,sensor-40,21.50,46.51,3225
2024-01-02T03:57:27,10,sensor-50,25.00,45.01,3383
2024-01-01T04:06:17,10,sensor-10,21.44,60.17,4180
2024-01-02T04:15:07,10,sensor-20,22.32,54.86,3620
2024-01-01T04:23:57,10,sensor-30,27.06,45.53,3726
2024-01-02T04:32:47,10,sensor-40,23.34,56.41,3993
2024-01-01T04:41:37,10,sensor-50,20.88,24.38,4060
2024-01-02T04:50:27,10,sensor-10,24.15,33.03,3731
2024-01-01T04:59:17,10,sensor-20,22.89,19.22,3709
2024-01-02T05:08:07,10,sensor-30,28.54,59.77,3424
2024-01-01T05:16:57,10,sensor-40,23.45,62.79,3190
2024-01-02T05:25:47,10,sensor-50,13.54,48.74,4193
2024-01-01T05:34:37,10,sensor-10,24.06,39.81,3800
2024-01-02T05:43:27,10,sensor-20,24.57,51.36,3832
2024-01-01T05:52:17,10,sensor-30,22.49,68.56,3725
2024-01-02T06:01:07,10,sensor-40,12.13,42.66,3534
2024-01-01T06:09:57,10,sensor-50,18.87,50.82,3026
2024-01-02T06:18:47,10,sensor-10,16.34,29.98,3668
2024-01-01T06:27:37,10,sensor-20,21.35,48.92,3067
2024-01-02T06:36:27,10,sensor-30,13.96,25.75,3677
2024-01-01T06:45:17,10,sensor-40,24.16,41.07,4128
2024-01-02T06:54:07,10,sensor-50,21.34,43.72,3504
2024-01-01T07:02:57,10,sensor-10,23.68,37.19,4169
2024-01-02T07:11:47,10,sensor-20,21.87,60.05,3124
2024-01-01T07:20:37,10,sensor-30,18.52,59.46,3723
2024-01-02T07:29:27,10,sensor-40,29.04,20.52,3188
2024-01-01T07:38:17,10,sensor-50,22.71,22.91,3657
2024-01-02T07:47:07,10,sensor-10,26.01,31.41,3678
2024-01-01T07:55:57,10,sensor-20,17.97,62.22,3528
2024-01-02T08:04:47,10,sensor-30,13.45,44.74,4134
2024-01-01T08:13:37,10,sensor-40,24.61,64.42,3490
2024-01-02T08:22:27,10,sensor-50,25.88,46.32,3541
2024-01-01T08:31:17,10,sensor-10,16.44,36.54,3469
2024-01-02T08:40:07,10,sensor-20,21.49,42.50,3133
2024-01-01T08:48:57,10,sensor-30,23.80,29.65,4135
2024-01-02T08:57:47,10,sensor-40,20.83,25.24,4002
2024-01-01T09:06:37,10,sensor-50,28.25,35.31,4081
2024-01-02T09:15:27,10,sensor-10,23.27,34.43,3659
2024-01-01T09:24:17,10,sensor-20,28.02,24.32,3255
2024-01-02T09:33:07,10,sensor-30,16.89,70.41,3316
2024-01-01T09:41:57,10,sensor-40,17.70,46.88,3156
2024-01-02T09:50:47,10,sensor-50,17.61,51.23,3438
2024-01-01T09:59:37,10,sensor-10,24.98,27.65,3222
2024-01-02T10:08:27,10,sensor-20,22.92,55.75,3597
2024-01-01T10:17:17,10,sensor-30,23.98,39.15,3426
2024-01-02T10:26:07,10,sensor-40,17.21,49.06,4173
2024-01-01T10:34:57,10,sensor-50,19.15,44.26,3383
2024-01-02T10:43:47,10,sensor-10,26.57,51.77,3850
2024-01-01T10:52:37,10,sensor-20,28.61,49.89,3323
2024-01-02T11:01:27,10,sensor-30,21.95,37.91,3572
2024-01-01T11:10:17,10,sensor-40,13.48,37.93,4008
2024-01-02T11:19:07,10,sensor-50,24.59,24.09,4059
2024-01-01T11:27:57,10,sensor-10,19.72,37.54,3271
2024-01-02T11:36:47,10,sensor-20,19.40,29.37,3126
2024-01-01T11:45:37,10,sensor-30,22.99,45.24,3081
2024-01-02T11:54:27,10,sensor-40,27.70,62.26,3492
2024-01-01T12:03:17,10,sensor-50,18.11,41.35,3768
2024-01-02T12:12:07,10,sensor-10,18.85,30.81,4170
2024-01-01T12:20:57,10,sensor-20,24.38,50.12,3902
2024-01-02T12:29:47,10,sensor-30,20.03,53.12,3392
2024-01-01T12:38:37,10,sensor-40,26.53,36.57,3320
2024-01-02T12:47:27,10,sensor-50,17.65,42.59,3247
2024-01-01T12:56:17,10,sensor-10,20.34,42.69,3586
2024-01-02T13:05:07,10,sensor-20,25.61,45.01,3941
2024-01-01T13:13:57,10,sensor-30,26.32,35.00,3508
2024-01-02T13:22:47,10,sensor-40,35.17,53.14,3807
2024-01-01T13:31:37,10,sensor-50,17.56,57.64,3544
2024-01-02T13:40:27,10,sensor-10,25.66,39.91,4064
2024-01-01T13:49:17,10,sensor-20,20.01,24.31,3160
2024-01-02T13:58:07,10,sensor-30,21.94,57.71,3063
2024-01-01T14:06:57,10,sensor-40,18.67,26.24,3627
2024-01-02T14:15:47,10,sensor-50,16.59,49.20,3354
2024-01-01T14:24:37,10,sensor-10,21.77,37.56,3942
2024-01-02T14:33:27,10,sensor-20,21.68,23.44,3292
2024-01-01T14:42:17,10,sensor-30,18.60,41.18,3706
2024-01-02T14:51:07,10,sensor-40,26.54,24.38,4183
2024-01-01T14:59:57,10,sensor-50,21.87,51.36,3386
2024-01-02T15:08:47,10,sensor-10,22.95,40.13,3639
2024-01-01T15:17:37,10,sensor-20,18.61,39.86,3162
2024-01-02T15:26:27,10,sensor-30,26.15,45.26,3193
2024-01-01T15:35:17,10,sensor-40,20.99,37.09,4070
2024-01-02T15:44:07,10,sensor-50,21.40,50.58,3237
2024-01-01T15:52:57,10,sensor-10,13.58,40.98,3006
2024-01-02T16:01:47,10,sensor-20,20.98,31.41,3113
2024-01-01T16:10:37,10,sensor-30,20.97,52.16,3240
2024-01-02T16:19:27,10,sensor-40,19.02,41.72,4058
2024-01-01T16:28:17,10,sensor-50,29.04,42.71,3104
2024-01-02T16:37:07,10,sensor-10,13.33,30.51,4133
2024-01-01T16:45:57,10,sensor-20,17.66,22.72,3360
2024-01-02T16:54:47,10,sensor-30,26.18,59.77,3780
2024-01-01T17:03:37,10,sensor-40,24.44,42.49,4140
2024-01-02T17:12:27,10,sensor-50,23.53,46.59,3542
2024-01-01T17:21:17,10,sensor-10,29.22,30.23,3442
2024-01-02T17:30:07,10,sensor-20,22.85,62.10,3453
2024-01-01T17:38:57,10,sensor-30,22.22,45.48,3376
2024-01-02T17:47:47,10,sensor-40,25.41,63.79,3553
2024-01-01T17:56:37,10,sensor-50,23.11,35.48,3952
2024-01-02T18:05:27,10,sensor-10,22.78,48.24,3392
2024-01-01T18:14:17,10,sensor-20,13.53,58.21,3126
2024-01-02T18:23:07,10,sensor-30,18.36,41.46,3428
2024-01-01T18:31:57,10,sensor-40,23.73,36.51,3249
2024-01-02T18:40:47,10,sensor-50,25.09,52.95,3991
2024-01-01T18:49:37,10,sensor-10,26.55,70.27,3590
2024-01-02T18:58:27,10,sensor-20,18.79,45.01,3042
2024-01-01T19:07:17,10,sensor-30,19.67,30.77,3958
2024-01-02T19:16:07,10,sensor-40,15.65,31.75,3473
2024-01-01T19:24:57,10,sensor-50,23.24,35.44,3563
2024-01-02T19:33:47,10,sensor-10,26.27,53.93,3576
2024-01-01T19:42:37,10,sensor-20,29.53,48.26,4121
2024-01-02T19:51:27,10,sensor-30,20.75,15.75,3464
2024-01-01T20:00:17,10,sensor-40,19.93,45.60,3474
2024-01-02T20:09:07,10,sensor-50,20.06,40.89,3035
2024-01-01T20:17:57,10,sensor-10,17.31,28.11,3711
2024-01-02T20:26:47,10,sensor-20,27.69,58.61,3090
2024-01-01T20:35:37,10,sensor-30,23.41,53.24,4064
2024-01-02T20:44:27,10,sensor-40,26.90,49.12,3997
2024-01-01T20:53:17,10,sensor-50,26.35,61.45,3391
2024-01-02T21:02:07,10,sensor-10,25.26,23.19,3270
2024-01-01T21:10:57,10,sensor-20,18.67,55.32,3990
2024-01-02T21:19:47,10,sensor-30,17.98,44.38,3706
2024-01-01T21:28:37,10,sensor-40,18.60,49.79,3476
2024-01-02T21:37:27,10,sensor-50,21.75,75.20,3781
2024-01-01T21:46:17,10,sensor-10,22.72,48.46,3766
2024-01-02T21:55:07,10,sensor-20,23.29,45.52,3429
2024-01-01T22:03:57,10,sensor-30,22.72,44.20,3522
2024-01-02T22:12:47,10,sensor-40,26.28,36.80,4073
2024-01-01T22:21:37,10,sensor-50,20.59,13.58,3407
2024-01-02T22:30:27,10,sensor-10,31.28,36.17,4185
2024-01-01T22:39:17,10,sensor-20,21.45,50.16,3073
2024-01-02T22:48:07,10,sensor-30,18.27,52.85,3590
2024-01-01T22:56:57,10,sensor-40,24.81,51.94,3524
2024-01-02T23:05:47,10,sensor-50,27.27,27.25,3245
2024-01-01T23:14:37,10,sensor-10,18.84,29.21,3866
2024-01-02T23:23:27,10,sensor-20,19.37,41.67,3799
2024-01-01T23:32:17,10,sensor-30,24.56,28.24,3314
2024-01-02T23:41:07,10,sensor-40,24.64,37.00,3305
2024-01-01T23:49:57,10,sensor-50,31.13,36.38,3487
2024-01-02T23:58:47,10,sensor-10,25.92,61.02,3613
2024-01-01T00:07:37,10,sensor-20,20.02,46.55,4114
2024-01-02T00:16:27,10,sensor-30,23.80,62.97,4025
2024-01-01T00:25:17,10,sensor-40,20.89,54.55,3486
2024-01-02T00:34:07,10,sensor-50,19.25,41.50,3005
2024-01-01T00:42:57,10,sensor-10,20.85,34.63,3755
2024-01-02T00:51:47,10,sensor-20,26.42,43.22,3462
2024-01-01T01:00:37,10,sensor-30,14.74,59.26,3987
2024-01-02T01:09:27,10,sensor-40,27.41,21.89,3126
2024-01-01T01:18:17,10,sensor-50,200.00,-10.00,3946
2024-01-02T01:27:07,10,sensor-10,21.26,50.55,3226
2024-01-01T01:35:57,10,sensor-20,12.71,44.72,3061
2024-01-02T01:44:47,10,sensor-30,22.21,54.69,3084
2024-01-01T01:53:37,10,sensor-40,17.69,28.41,3751
2024-01-02T02:02:27,10,sensor-50,17.48,61.94,3727
2024-01-01T02:11:17,10,sensor-10,22.25,57.81,3755
2024-01-02T02:20:07,10,sensor-20,16.30,37.09,3382
2024-01-01T02:28:57,10,sensor-30,21.87,62.18,3679
2024-01-02T02:37:47,10,sensor-40,25.30,66.77,4084
2024-01-01T02:46:37,10,sensor-50,21.14,70.98,3256
2024-01-02T02:55:27,10,sensor-10,18.69,22.10,3538
2024-01-01T03:04:17,10,sensor-20,25.09,43.48,3990
2024-01-02T03:13:07,10,sensor-30,19.72,64.30,3544
2024-01-01T03:21:57,10,sensor-40,12.96,52.26,3149
2024-01-02T03:30:47,10,sensor-50,23.57,64.22,3608
2024-01-01T03:39:37,10,sensor-10,18.05,59.32,3077
2024-01-02T03:48:27,10,sensor-20,24.59,51.42,3821
2024-01-01T03:57:17,10,sensor-30,23.48,52.16,3397
2024-01-02T04:06:07,10,sensor-40,21.65,59.46,3322
2024-01-01T04:14:57,10,sensor-50,15.12,40.06,3389
2024-01-02T04:23:47,10,sensor-10,26.10,43.29,3045
2024-01-01T04:32:37,10,sensor-20,20.74,59.39,3205
2024-01-02T04:41:27,10,sensor-30,24.98,48.60,3600
2024-01-01T04:50:17,10,sensor-40,20.62,48.13,3544
2024-01-02T04:59:07,10,sensor-50,25.67,37.39,3943
2024-01-01T05:07:57,10,sensor-10,15.98,35.95,3737
2024-01-02T05:16:47,10,sensor-20,21.58,36.64,3088
2024-01-01T05:25:37,10,sensor-30,26.36,29.63,3523
2024-01-02T05:34:27,10,sensor-40,28.20,30.86,3597
2024-01-01T05:43:17,10,sensor-50,19.44,47.99,3618
2024-01-02T05:52:07,10,sensor-10,20.94,25.96,3483
2024-01-01T06:00:57,10,sensor-20,15.58,40.84,3358
2024-01-02T06:09:47,10,sensor-30,20.03,31.26,3127
2024-01-01T06:18:37,10,sensor-40,24.27,44.53,4070
2024-01-02T06:27:27,10,sensor-50,27.31,56.89,3482
2024-01-01T06:36:17,10,sensor-10,20.85,36.67,3201
2024-01-02T06:45:07,10,sensor-20,18.25,51.31,3282
2024-01-01T06:53:57,10,sensor-30,21.18,55.37,3148
2024-01-02T07:02:47,10,sensor-40,21.13,72.01,3439
2024-01-01T07:11:37,10,sensor-50,18.02,27.47,3084
2024-01-02T07:20:27,10,sensor-10,19.00,49.05,3287
2024-01-01T07:29:17,10,sensor-20,29.12,33.26,3006
2024-01-02T07:38:07,10,sensor-30,23.50,54.83,3337
2024-01-01T07:46:57,10,sensor-40,21.17,35.08,3721
2024-01-02T07:55:47,10,sensor-50,24.17,50.77,3148
2024-01-01T08:04:37,10,sensor-10,32.66,48.08,3436
2024-01-02T08:13:27,10,sensor-20,20.52,47.28,3272
2024-01-01T08:22:17,10,sensor-30,25.11,64.05,4070
2024-01-02T08:31:07,10,sensor-40,24.77,68.06,3558
2024-01-01T08:39:57,10,sensor-50,28.00,76.01,3376
2024-01-02T08:48:47,10,sensor-10,20.00,41.57,3706
2024-01-01T08:57:37,10,sensor-20,21.36,50.01,3784
2024-01-02T09:06:27,10,sensor-30,20.08,40.79,3101
2024-01-01T09:15:17,10,sensor-40,19.84,54.21,3707
2024-01-02T09:24:07,10,sensor-50,25.10,28.13,3713
2024-01-01T09:32:57,10,sensor-10,24.17,39.94,3675
2024-01-02T09:41:47,10,sensor-20,20.64,55.64,4168
2024-01-01T09:50:37,10,sensor-30,27.84,41.67,3208
2024-01-02T09:59:27,10,sensor-40,27.39,43.11,4116
2024-01-01T10:08:17,10,sensor-50,16.49,51.70,3041
2024-01-02T10:17:07,10,sensor-10,20.63,54.70,3047
2024-01-01T10:25:57,10,sensor-20,17.08,26.49,3499
2024-01-02T10:34:47,10,sensor-30,24.06,22.23,3425
2024-01-01T10:43:37,10,sensor-40,22.93,63.88,3510
2024-01-02T10:52:27,10,sensor-50,22.64,46.87,3670
2024-01-01T11:01:17,10,sensor-10,23.67,57.57,3458
2024-01-02T11:10:07,10,sensor-20,24.44,23.94,3139
2024-01-01T11:18:57,10,sensor-30,23.62,62.25,3786
2024-01-02T11:27:47,10,sensor-40,25.02,30.63,3830
2024-01-01T11:36:37,10,sensor-50,14.11,52.40,3544
2024-01-02T11:45:27,10,sensor-10,12.08,34.99,3546
2024-01-01T11:54:17,10,sensor-20,18.56,44.95,4052
2024-01-02T12:03:07,10,sensor-30,22.27,35.26,4064
2024-01-01T12:11:57,10,sensor-40,20.54,31.43,3267
2024-01-02T12:20:47,10,sensor-50,19.51,51.08,3001
2024-01-01T12:29:37,10,sensor-10,22.40,37.77,3046
2024-01-02T12:38:27,10,sensor-20,29.30,47.86,4085
2024-01-01T12:47:17,10,sensor-30,28.64,34.95,3040
2024-01-02T12:56:07,10,sensor-40,26.37,45.47,3865
2024-01-01T13:04:57,10,sensor-50,15.56,29.65,4199
2024-01-02T13:13:47,10,sensor-10,19.84,38.07,3710
2024-01-01T13:22:37,10,sensor-20,23.54,68.80,4077
2024-01-02T13:31:27,10,sensor-30,22.62,31.69,4086
2024-01-01T13:40:17,10,sensor-40,18.12,50.22,3734
2024-01-02T13:49:07,10,sensor-50,26.80,47.09,3879
2024-01-01T13:57:57,10,sensor-10,20.30,60.73,4080
2024-01-02T14:06:47,10,sensor-20,21.51,66.72,3070
2024-01-01T14:15:37,10,sensor-30,25.07,60.79,4057
2024-01-02T14:24:27,10,sensor-40,29.01,49.64,3229
2024-01-01T14:33:17,10,sensor-50,25.59,48.74,3475
2024-01-02T14:42:07,10,sensor-10,26.61,33.99,3094
2024-01-01T14:50:57,10,sensor-20,20.25,58.30,3449
2024-01-02T14:59:47,10,sensor-30,15.53,46.09,3382
2024-01-01T15:08:37,10,sensor-40,25.98,43.52,3404
2024-01-02T15:17:27,10,sensor-50,21.41,49.85,3268
2024-01-01T15:26:17,10,sensor-10,20.10,39.09,3734
2024-01-02T15:35:07,10,sensor-20,20.65,26.45,3454
2024-01-01T15:43:57,10,sensor-30,24.56,35.86,3277
2024-01-02T15:52:47,10,sensor-40,19.98,34.76,3367
2024-01-01T16:01:37,10,sensor-50,17.80,55.75,3934
2024-01-02T16:10:27,10,sensor-10,19.83,67.00,4146
2024-01-01T16:19:17,10,sensor-20,23.61,42.12,3260
2024-01-02T16:28:07,10,sensor-30,22.12,56.66,3716
2024-01-01T16:36:57,10,sensor-40,17.13,63.96,3881
2024-01-02T16:45:47,10,sensor-50,22.86,42.99,3751
2024-01-01T16:54:37,10,sensor-10,24.66,64.60,3926
2024-01-02T17:03:27,10,sensor-20,30.11,57.76,3469
2024-01-01T17:12:17,10,sensor-30,27.42,34.71,4153
2024-01-02T17:21:07,10,sensor-40,18.73,27.43,3792
2024-01-01T17:29:57,10,sensor-50,21.58,46.07,3141
2024-01-02T17:38:47,10,sensor-10,18.88,45.56,3172
2024-01-01T17:47:37,10,sensor-20,22.43,36.55,4018
2024-01-02T17:56:27,10,sensor-30,16.48,39.16,3421
2024-01-01T18:05:17,10,sensor-40,27.26,36.85,3936
2024-01-02T18:14:07,10,sensor-50,24.55,51.99,3008
2024-01-01T18:22:57,10,sensor-10,18.49,62.74,3890
2024-01-02T18:31:47,10,sensor-20,22.88,48.02,3406
2024-01-01T18:40:37,10,sensor-30,17.44,61.54,3598
2024-01-02T18:49:27,10,sensor-40,22.85,30.24,3293
2024-01-01T18:58:17,10,sensor-50,23.51,40.85,3934
2024-01-02T19:07:07,10,sensor-10,20.70,48.56,3638
2024-01-01T19:15:57,10,sensor-20,26.40,37.12,3377
2024-01-02T19:24:47,10,sensor-30,19.33,44.39,3109
2024-01-01T19:33:37,10,sensor-40,22.06,37.29,3229
2024-01-02T19:42:27,10,sensor-50,26.80,57.82,3338
2024-01-01T19:51:17,10,sensor-10,28.33,55.00,3532
2024-01-02T20:00:07,10,sensor-20,24.25,24.87,3396
2024-01-01T20:08:57,10,sensor-30,21.20,31.16,3389
2024-01-02T20:17:47,10,sensor-40,24.85,63.39,3813
2024-01-01T20:26:37,10,sensor-50,19.98,42.75,3483
2024-01-02T20:35:27,10,sensor-10,23.45,59.49,3443
2024-01-01T20:44:17,10,sensor-20,26.76,50.14,3788
2024-01-02T20:53:07,10,sensor-30,21.31,45.03,3513
2024-01-01T21:01:57,10,sensor-40,21.19,64.08,3496
2024-01-02T21:10:47,10,sensor-50,18.50,40.83,4183
2024-01-01T21:19:37,10,sensor-10,14.44,56.05,3583
2024-01-02T21:28:27,10,sensor-20,27.29,58.46,3807
2024-01-01T21:37:17,10,sensor-30,22.10,36.25,3711
2024-01-02T21:46:07,10,sensor-40,15.30,48.06,3779
2024-01-01T21:54:57,10,sensor-50,21.07,37.74,3682
2024-01-02T22:03:47,10,sensor-10,18.22,29.22,4096
2024-01-01T22:12:37,10,sensor-20,26.19,33.32,3607
2024-01-02T22:21:27,10,sensor-30,25.94,51.11,3789
2024-01-01T22:30:17,10,sensor-40,25.56,30.78,3259
2024-01-02T22:39:07,10,sensor-50,16.97,43.36,3387
2024-01-01T22:47:57,10,sensor-10,23.62,64.52,4100
2024-01-02T22:56:47,10,sensor-20,28.56,30.01,3890
2024-01-01T23:05:37,10,sensor-30,23.78,46.84,3126
2024-01-02T23:14:27,10,sensor-40,16.39,39.90,3557
2024-01-01T23:23:17,10,sensor-50,18.95,42.05,3470
2024-01-02T23:32:07,10,sensor-10,17.75,42.17,4063
2024-01-01T23:40:57,10,sensor-20,26.62,41.30,3382
2024-01-02T23:49:47,10,sensor-30,20.35,37.48,3013
2024-01-01T23:58:37,10,sensor-40,20.34,36.44,4052
2024-01-02T00:07:27,10,sensor-50,19.92,31.30,4177
2024-01-01T00:16:17,10,sensor-10,33.31,47.87,3486
2024-01-02T00:25:07,10,sensor-20,24.46,41.56,3737
2024-01-01T00:33:57,10,sensor-30,18.61,16.32,3201
2024-01-02T00:42:47,10,sensor-40,9.89,59.58,3681
2024-01-01T00:51:37,10,sensor-50,21.32,52.64,3927
2024-01-02T01:00:27,10,sensor-10,21.33,33.51,3576
2024-01-01T01:09:17,10,sensor-20,25.96,35.58,3220
2024-01-02T01:18:07,10,sensor-30,22.01,28.41,3590
2024-01-01T01:26:57,10,sensor-40,25.39,29.81,4183
2024-01-02T01:35:47,10,sensor-50,22.05,41.43,3962
2024-01-01T01:44:37,10,sensor-10,16.38,18.80,3449
2024-01-02T01:53:27,10,sensor-20,23.10,39.85,3305
2024-01-01T02:02:17,10,sensor-30,20.38,39.85,3644
2024-01-02T02:11:07,10,sensor-40,22.39,50.58,3937
2024-01-01T02:19:57,10,sensor-50,18.57,32.76,3348
2024-01-02T02:28:47,10,sensor-10,17.87,32.65,3468
2024-01-01T02:37:37,10,sensor-20,25.04,61.12,3203
2024-01-02T02:46:27,10,sensor-30,22.82,46.00,3233
2024-01-01T02:55:17,10,sensor-40,22.07,46.81,3390
2024-01-02T03:04:07,10,sensor-50,20.56,58.70,3340
2024-01-01T03:12:57,10,sensor-10,20.18,40.53,3372
2024-01-02T03:21:47,10,sensor-20,16.92,33.15,3643
2024-01-01T03:30:37,10,sensor-30,18.54,41.01,4067
2024-01-02T03:39:27,10,sensor-40,15.95,31.89,3112
2024-01-01T03:48:17,10,sensor-50,27.01,67.55,3235
2024-01-02T03:57:07,10,sensor-10,18.53,47.05,3063
2024-01-01T04:05:57,10,sensor-20,24.53,35.53,3731
2024-01-02T04:14:47,10,sensor-30,24.32,31.72,4002
2024-01-01T04:23:37,10,sensor-40,22.01,83.84,3436
2024-01-02T04:32:27,10,sensor-50,23.51,61.56,3865
2024-01-01T04:41:17,10,sensor-10,20.57,61.52,3974
2024-01-02T04:50:07,10,sensor-20,23.05,40.37,3818
2024-01-01T04:58:57,10,sensor-30,23.00,66.01,3082
2024-01-02T05:07:47,10,sensor-40,17.61,49.04,3787
2024-01-01T05:16:37,10,sensor-50,19.27,22.15,3737
2024-01-02T05:25:27,10,sensor-10,25.76,44.93,3346
2024-01-01T05:34:17,10,sensor-20,25.38,33.19,3533
2024-01-02T05:43:07,10,sensor-30,25.43,45.11,3202
2024-01-01T05:51:57,10,sensor-40,17.84,61.46,3221
2024-01-02T06:00:47,10,sensor-50,19.89,50.22,3690
2024-01-01T06:09:37,10,sensor-10,21.94,31.89,3755
2024-01-02T06:18:27,10,sensor-20,24.68,59.25,3692
2024-01-01T06:27:17,10,sensor-30,25.14,40.98,3360
2024-01-02T06:36:07,10,sensor-40,19.94,56.78,3879
2024-01-01T06:44:57,10,sensor-50,24.89,38.69,3749
2024-01-02T06:53:47,10,sensor-10,18.65,38.81,4195
2024-01-01T07:02:37,10,sensor-20,20.90,44.45,3490
2024-01-02T07:11:27,10,sensor-30,19.61,39.14,3313
2024-01-01T07:20:17,10,sensor-40,17.50,58.92,3780
2024-01-02T07:29:07,10,sensor-50,19.24,35.75,3442
2024-01-01T07:37:57,10,sensor-10,21.75,70.07,3378
2024-01-02T07:46:47,10,sensor-20,25.82,42.07,3639
2024-01-01T07:55:37,10,sensor-30,21.31,67.63,3718
2024-01-02T08:04:27,10,sensor-40,20.62,33.05,4149
2024-01-01T08:13:17,10,sensor-50,18.97,37.35,3655
2024-01-02T08:22:07,10,sensor-10,17.55,54.10,3697
2024-01-01T08:30:57,10,sensor-20,22.53,54.96,3621
2024-01-02T08:39:47,10,sensor-30,17.82,35.48,3757
2024-01-01T08:48:37,10,sensor-40,27.04,30.06,3420
2024-01-02T08:57:27,10,sensor-50,18.30,42.38,3422
2024-01-01T09:06:17,10,sensor-10,22.63,59.16,3635
2024-01-02T09:15:07,10,sensor-20,28.29,57.32,3038
2024-01-01T09:23:57,10,sensor-30,19.77,26.91,3001
2024-01-02T09:32:47,10,sensor-40,28.45,34.26,3671
2024-01-01T09:41:37,10,sensor-50,21.65,33.42,3344
2024-01-02T09:50:27,10,sensor-10,14.76,30.32,3381
2024-01-01T09:59:17,10,sensor-20,13.79,51.50,3542
2024-01-02T10:08:07,10,sensor-30,17.01,35.14,4157
2024-01-01T10:16:57,10,sensor-40,20.88,44.03,3259
2024-01-02T10:25:47,10,sensor-50,19.84,66.53,3749
2024-01-01T10:34:37,10,sensor-10,24.61,57.21,3302
2024-01-02T10:43:27,10,sensor-20,26.72,40.73,3068
2024-01-01T10:52:17,10,sensor-30,27.96,58.86,3334
2024-01-02T11:01:07,10,sensor-40,25.58,53.70,4049
2024-01-01T11:09:57,10,sensor-50,18.21,34.88,3995
2024-01-02T11:18:47,10,sensor-10,18.84,31.96,4113
2024-01-01T11:27:37,10,sensor-20,27.84,43.18,3654
2024-01-02T11:36:27,10,sensor-30,15.20,32.22,3721
2024-01-01T11:45:17,10,sensor-40,27.22,61.40,3689
2024-01-02T11:54:07,10,sensor-50,16.80,38.58,3948
2024-01-01T12:02:57,10,sensor-10,15.82,41.55,3719
2024-01-02T12:11:47,10,sensor-20,25.49,45.19,3573
2024-01-01T12:20:37,10,sensor-30,18.73,57.64,3058
2024-01-02T12:29:27,10,sensor-40,24.74,41.80,3011
2024-01-01T12:38:17,10,sensor-50,17.82,29.73,3711
2024-01-02T12:47:07,10,sensor-10,200.00,150.00,3100
2024-01-01T12:55:57,10,sensor-20,23.93,41.71,3387
2024-01-02T13:04:47,10,sensor-30,32.43,44.20,3914
2024-01-01T13:13:37,10,sensor-40,19.38,34.46,4053
2024-01-02T13:22:27,10,sensor-50,13.66,33.61,3917
2024-01-01T13:31:17,10,sensor-10,20.18,49.73,3185
2024-01-02T13:40:07,10,sensor-20,30.01,43.43,3971
2024-01-01T13:48:57,10,sensor-30,15.04,44.93,3975
2024-01-02T13:57:47,10,sensor-40,24.79,47.57,3427
2024-01-01T14:06:37,10,sensor-50,23.76,62.28,3855
2024-01-02T14:15:27,10,sensor-10,26.48,56.82,3052
2024-01-01T14:24:17,10,sensor-20,21.59,59.10,3577
2024-01-02T14:33:07,10,sensor-30,20.58,44.10,3752
2024-01-01T14:41:57,10,sensor-40,20.16,23.39,3921
2024-01-02T14:50:47,10,sensor-50,16.21,57.21,3252
2024-01-01T14:59:37,10,sensor-10,17.94,36.51,3001
2024-01-02T15:08:27,10,sensor-20,16.64,43.05,3086
2024-01-01T15:17:17,10,sensor-30,22.11,34.20,3909
2024-01-02T15:26:07,10,sensor-40,17.35,42.13,3605
2024-01-01T15:34:57,10,sensor-50,18.82,40.64,3781
2024-01-02T15:43:47,10,sensor-10,22.21,40.91,4157
2024-01-01T15:52:37,10,sensor-20,20.23,27.11,3606
2024-01-02T16:01:27,10,sensor-30,17.86,18.46,3000
2024-01-01T16:10:17,10,sensor-40,26.81,59.84,4159
2024-01-02T16:19:07,10,sensor-50,19.90,29.12,3503
2024-01-01T16:27:57,10,sensor-10,20.97,39.13,4004
2024-01-02T16:36:47,10,sensor-20,23.11,46.56,3642
2024-01-01T16:45:37,10,sensor-30,23.59,51.83,3263
2024-01-02T16:54:27,10,sensor-40,19.72,76.01,4152
2024-01-01T17:03:17,10,sensor-50,23.44,35.45,3531
2024-01-02T17:12:07,10,sensor-10,200.00,-10.00,3939
2024-01-01T17:20:57,10,sensor-20,16.69,32.33,3151
2024-01-02T17:29:47,10,sensor-30,27.95,50.05,3935
2024-01-01T17:38:37,10,sensor-40,28.47,38.05,3202
2024-01-02T17:47:27,10,sensor-50,23.38,63.63,3089
2024-01-01T17:56:17,10,sensor-10,20.01,37.56,3204
2024-01-02T18:05:07,10,sensor-20,21.15,61.55,3315
2024-01-01T18:13:57,10,sensor-30,22.83,36.46,3418
2024-01-02T18:22:47,10,sensor-40,14.03,51.78,4123
2024-01-01T18:31:37,10,sensor-50,21.18,42.07,3264
2024-01-02T18:40:27,10,sensor-10,24.48,54.14,3102
2024-01-01T18:49:17,10,sensor-20,14.05,50.98,3013
2024-01-02T18:58:07,10,sensor-30,21.99,57.93,3407
2024-01-01T19:06:57,10,sensor-40,26.42,56.15,4118
2024-01-02T19:15:47,10,sensor-50,18.09,49.17,3073
2024-01-01T19:24:37,10,sensor-10,22.38,40.84,4034
2024-01-02T19:33:27,10,sensor-20,23.09,37.55,3603
2024-01-01T19:42:17,10,sensor-30,16.48,53.11,3505
2024-01-02T19:51:07,10,sensor-40,26.16,46.23,3087
2024-01-01T19:59:57,10,sensor-50,14.12,37.16,3714
2024-01-02T20:08:47,10,sensor-10,24.33,48.14,3414
2024-01-01T20:17:37,10,sensor-20,25.66,51.95,3493
2024-01-02T20:26:27,10,sensor-30,16.38,55.57,3987
2024-01-01T20:35:17,10,sensor-40,22.82,41.09,3638
2024-01-02T20:44:07,10,sensor-50,20.49,21.13,3890
2024-01-01T20:52:57,10,sensor-10,23.31,50.45,4131
2024-01-02T21:01:47,10,sensor-20,22.70,32.57,3641
2024-01-01T21:10:37,10,sensor-30,17.65,77.61,3120
2024-01-02T21:19:27,10,sensor-40,23.77,6.02,3967
2024-01-01T21:28:17,10,sensor-50,23.49,47.04,3411
2024-01-02T21:37:07,10,sensor-10,23.79,50.28,3861
2024-01-01T21:45:57,10,sensor-20,25.21,38.95,3152
2024-01-02T21:54:47,10,sensor-30,24.52,34.11,3668
2024-01-01T22:03:37,10,sensor-40,21.58,56.78,4010
2024-01-02T22:12:27,10,sensor-50,14.92,47.08,3489
2024-01-01T22:21:17,10,sensor-10,23.24,33.07,3903
2024-01-02T22:30:07,10,sensor-20,19.65,49.43,3804
2024-01-01T22:38:57,10,sensor-30,17.67,56.63,3302
2024-01-02T22:47:47,10,sensor-40,25.89,36.90,3675
2024-01-01T22:56:37,10,sensor-50,19.22,33.70,3638
2024-01-02T23:05:27,10,sensor-10,22.68,48.17,3650
2024-01-01T23:14:17,10,sensor-20,15.55,45.53,3871
2024-01-02T23:23:07,10,sensor-30,17.86,49.49,3727
2024-01-01T23:31:57,10,sensor-40,18.09,34.75,3378
2024-01-02T23:40:47,10,sensor-50,21.09,38.62,4016
2024-01-01T23:49:37,10,sensor-10,21.36,49.66,3591
2024-01-02T23:58:27,10,sensor-20,18.73,73.69,3048
2024-01-01T00:07:17,10,sensor-30,16.51,52.41,3502
2024-01-02T00:16:07,10,sensor-40,27.21,28.81,3338
2024-01-01T00:24:57,10,sensor-50,17.23,47.72,3976
2024-01-02T00:33:47,10,sensor-10,22.11,28.36,4177
2024-01-01T00:42:37,10,sensor-20,21.64,34.83,3775
2024-01-02T00:51:27,10,sensor-30,18.51,35.60,3138
2024-01-01T01:00:17,10,sensor-40,21.79,59.16,3294
2024-01-02T01:09:07,10,sensor-50,14.72,63.40,3832
2024-01-01T01:17:57,10,sensor-10,23.27,46.53,3873
2024-01-02T01:26:47,10,sensor-20,22.00,58.81,3457
2024-01-01T01:35:37,10,sensor-30,26.10,51.67,3907
2024-01-02T01:44:27,10,sensor-40,25.28,58.59,3500
2024-01-01T01:53:17,10,sensor-50,23.76,28.71,3973
2024-01-02T02:02:07,10,sensor-10,26.03,40.25,3206
2024-01-01T02:10:57,10,sensor-20,22.38,64.35,3729
2024-01-02T02:19:47,10,sensor-30,22.11,51.10,3679
2024-01-01T02:28:37,10,sensor-40,13.88,51.74,3683
2024-01-02T02:37:27,10,sensor-50,14.48,55.91,3053
2024-01-01T02:46:17,10,sensor-10,24.36,51.54,3922
2024-01-02T02:55:07,10,sensor-20,20.15,34.38,3849
2024-01-01T03:03:57,10,sensor-30,26.18,41.39,3533
2024-01-02T03:12:47,10,sensor-40,25.81,63.68,3887
2024-01-01T03:21:37,10,sensor-50,23.89,31.18,3811
2024-01-02T03:30:27,10,sensor-10,22.88,66.48,3881
2024-01-01T03:39:17,10,sensor-20,20.95,45.23,3284
2024-01-02T03:48:07,10,sensor-30,26.66,44.55,3992
2024-01-01T03:56:57,10,sensor-40,15.08,49.48,4114
2024-01-02T04:05:47,10,sensor-50,12.06,43.99,4193
2024-01-01T04:14:37,10,sensor-10,23.76,34.82,3498
2024-01-02T04:23:27,10,sensor-20,22.57,51.00,3798
2024-01-01T04:32:17,10,sensor-30,24.01,52.67,4105
2024-01-02T04:41:07,10,sensor-40,13.67,42.05,3488
2024-01-01T04:49:57,10,sensor-50,22.56,61.21,3964
2024-01-02T04:58:47,10,sensor-10,24.31,25.24,3850
2024-01-01T05:07:37,10,sensor-20,25.59,54.98,3698
2024-01-02T05:16:27,10,sensor-30,15.87,40.54,3724
2024-01-01T05:25:17,10,sensor-40,18.79,33.76,3462
2024-01-02T05:34:07,10,sensor-50,19.43,22.12,3304
2024-01-01T05:42:57,10,sensor-10,26.47,34.39,3173
2024-01-02T05:51:47,10,sensor-20,23.03,53.76,3398
2024-01-01T06:00:37,10,sensor-30,24.62,31.75,3800
2024-01-02T06:09:27,10,sensor-40,17.76,55.03,4127
2024-01-01T06:18:17,10,sensor-50,21.18,48.19,3240
2024-01-02T06:27:07,10,sensor-10,20.03,61.86,4038
2024-01-01T06:35:57,10,sensor-20,24.27,25.60,3209
2024-01-02T06:44:47,10,sensor-30,19.81,31.53,3564
2024-01-01T06:53:37,10,sensor-40,29.39,58.25,3581
2024-01-02T07:02:27,10,sensor-50,18.90,66.28,3513
2024-01-01T07:11:17,10,sensor-10,21.32,55.53,3395
2024-01-02T07:20:07,10,sensor-20,28.93,35.11,4073
2024-01-01T07:28:57,10,sensor-30,17.43,23.14,3102
2024-01-02T07:37:47,10,sensor-40,18.30,57.93,3927
2024-01-01T07:46:37,10,sensor-50,27.66,45.38,3439
2024-01-02T07:55:27,10,sensor-10,27.52,21.61,3968
2024-01-01T08:04:17,10,sensor-20,14.58,69.00,3696
2024-01-02T08:13:07,10,sensor-30,15.38,63.65,3906
2024-01-01T08:21:57,10,sensor-40,22.58,41.11,3862
2024-01-02T08:30:47,10,sensor-50,20.20,25.11,3263
2024-01-01T08:39:37,10,sensor-10,27.26,39.65,4114
2024-01-02T08:48:27,10,sensor-20,22.35,55.13,3850
2024-01-01T08:57:17,10,sensor-30,22.47,43.58,3215
2024-01-02T09:06:07,10,sensor-40,25.08,49.03,3785
2024-01-01T09:14:57,10,sensor-50,19.72,42.14,3861
2024-01-02T09:23:47,10,sensor-10,19.29,46.10,3309
2024-01-01T09:32:37,10,sensor-20,21.96,42.90,3865
2024-01-02T09:41:27,10,sensor-30,24.37,60.45,3655
2024-01-01T09:50:17,10,sensor-40,20.75,31.41,3514
2024-01-02T09:59:07,10,sensor-50,25.23,38.10,3133
2024-01-01T10:07:57,10,sensor-10,23.48,32.63,3724
2024-01-02T10:16:47,10,sensor-20,23.67,52.47,3123
2024-01-01T10:25:37,10,sensor-30,15.76,43.26,3675
2024-01-02T10:34:27,10,sensor-40,24.25,73.35,4067
2024-01-01T10:43:17,10,sensor-50,18.79,57.01,3304
2024-01-02T10:52:07,10,sensor-10,25.41,54.25,3874
2024-01-01T11:00:57,10,sensor-20,18.78,42.07,3394
2024-01-02T11:09:47,10,sensor-30,21.81,51.56,3691
2024-01-01T11:18:37,10,sensor-40,23.50,52.62,3887
2024-01-02T11:27:27,10,sensor-50,16.89,39.11,3800
2024-01-01T11:36:17,10,sensor-10,21.02,51.99,3671
2024-01-02T11:45:07,10,sensor-20,18.47,42.75,3333
2024-01-01T11:53:57,10,sensor-30,24.09,18.92,3456
2024-01-02T12:02:47,10,sensor-40,16.34,68.02,3901
2024-01-01T12:11:37,10,sensor-50,200.00,999.00,3471
2024-01-02T12:20:27,10,sensor-10,19.60,22.26,3237
2024-01-01T12:29:17,10,sensor-20,22.00,23.40,3724
2024-01-02T12:38:07,10,sensor-30,30.42,43.97,3403
2024-01-01T12:46:57,10,sensor-40,27.69,47.92,3838
2024-01-02T12:55:47,10,sensor-50,22.85,45.26,3574
2024-01-01T13:04:37,10,sensor-10,19.76,46.62,3800
2024-01-02T13:13:27,10,sensor-20,24.80,48.11,3666
2024-01-01T13:22:17,10,sensor-30,25.09,59.91,3200
2024-01-02T13:31:07,10,sensor-40,23.40,54.57,3908
2024-01-01T13:39:57,10,sensor-50,20.00,65.70,3974
2024-01-02T13:48:47,10,sensor-10,24.16,49.78,3272
2024-01-01T13:57:37,10,sensor-20,23.49,52.76,3861
2024-01-02T14:06:27,10,sensor-30,25.76,52.59,3605
2024-01-01T14:15:17,10,sensor-40,27.34,40.26,3130
2024-01-02T14:24:07,10,sensor-50,24.88,30.61,4126
2024-01-01T14:32:57,10,sensor-10,27.28,48.66,3654
2024-01-02T14:41:47,10,sensor-20,25.18,44.49,3095
2024-01-01T14:50:37,10,sensor-30,19.06,67.72,3942
2024-01-02T14:59:27,10,sensor-40,21.78,42.49,3897
2024-01-01T15:08:17,10,sensor-50,20.28,40.67,3982
2024-01-02T15:17:07,10,sensor-10,25.28,32.25,3599
2024-01-01T15:25:57,10,sensor-20,20.97,66.94,3387
2024-01-02T15:34:47,10,sensor-30,18.49,46.17,3909
2024-01-01T15:43:37,10,sensor-40,25.86,51.67,3193
2024-01-02T15:52:27,10,sensor-50,23.12,37.62,3374
2024-01-01T16:01:17,10,sensor-10,19.35,52.11,3205
2024-01-02T16:10:07,10,sensor-20,23.87,41.95,3329
2024-01-01T16:18:57,10,sensor-30,21.33,60.53,3871
2024-01-02T16:27:47,10,sensor-40,21.48,49.26,3165
2024-01-01T16:36:37,10,sensor-50,22.57,40.61,3173
2024-01-02T16:45:27,10,sensor-10,26.36,51.58,3480
2024-01-01T16:54:17,10,sensor-20,30.70,46.18,3909
2024-01-02T17:03:07,10,sensor-30,14.06,30.53,3418
2024-01-01T17:11:57,10,sensor-40,16.58,56.85,3619
2024-01-02T17:20:47,10,sensor-50,17.54,47.74,3937
2024-01-01T17:29:37,10,sensor-10,20.17,33.31,4197
2024-01-02T17:38:27,10,sensor-20,23.22,26.94,4164
2024-01-01T17:47:17,10,sensor-30,21.34,42.38,3057
2024-01-02T17:56:07,10,sensor-40,23.09,50.21,3666
2024-01-01T18:04:57,10,sensor-50,19.29,32.81,3707
2024-01-02T18:13:47,10,sensor-10,22.52,38.66,3513
2024-01-01T18:22:37,10,sensor-20,27.97,33.34,3836
2024-01-02T18:31:27,10,sensor-30,23.34,57.64,3684
2024-01-01T18:40:17,10,sensor-40,22.99,38.27,3791
2024-01-02T18:49:07,10,sensor-50,19.98,54.79,3513
2024-01-01T18:57:57,10,sensor-10,19.10,46.89,3848
2024-01-02T19:06:47,10,sensor-20,23.38,23.78,3278
2024-01-01T19:15:37,10,sensor-30,-100.00,999.00,3962
2024-01-02T19:24:27,10,sensor-40,23.19,32.61,3920
2024-01-01T19:33:17,10,sensor-50,22.46,43.21,4080
2024-01-02T19:42:07,10,sensor-10,24.50,40.24,3000
2024-01-01T19:50:57,10,sensor-20,24.75,51.75,3552
2024-01-02T19:59:47,10,sensor-30,21.90,53.96,3232
2024-01-01T20:08:37,10,sensor-40,25.40,53.90,3652
2024-01-02T20:17:27,10,sensor-50,24.68,47.55,3251
2024-01-01T20:26:17,10,sensor-10,22.78,63.55,3141
2024-01-02T20:35:07,10,sensor-20,19.48,55.93,3333
2024-01-01T20:43:57,10,sensor-30,24.81,67.28,3457
2024-01-02T20:52:47,10,sensor-40,18.01,39.10,3535
2024-01-01T21:01:37,10,sensor-50,20.25,40.71,4098
2024-01-02T21:10:27,10,sensor-10,24.56,58.48,3401
2024-01-01T21:19:17,10,sensor-20,25.36,32.20,3114
2024-01-02T21:28:07,10,sensor-30,20.54,47.55,3239
2024-01-01T21:36:57,10,sensor-40,25.15,42.93,3395
2024-01-02T21:45:47,10,sensor-50,24.93,30.90,4079
2024-01-01T21:54:37,10,sensor-10,21.97,37.95,3427
2024-01-02T22:03:27,10,sensor-20,27.78,33.38,3947
2024-01-01T22:12:17,10,sensor-30,25.32,29.43,3491
2024-01-02T22:21:07,10,sensor-40,19.15,51.83,3193
2024-01-01T22:29:57,10,sensor-50,15.97,45.10,4045
2024-01-02T22:38:47,10,sensor-10,25.02,42.97,3242
2024-01-01T22:47:37,10,sensor-20,26.21,36.64,3530
2024-01-02T22:56:27,10,sensor-30,23.80,48.93,3076
2024-01-01T23:05:17,10,sensor-40,23.99,62.30,4165
2024-01-02T23:14:07,10,sensor-50,30.20,34.53,3225
2024-01-01T23:22:57,10,sensor-10,23.37,54.91,3042
2024-01-02T23:31:47,10,sensor-20,17.64,23.29,4012
2024-01-01T23:40:37,10,sensor-30,999.00,999.00,3609
2024-01-02T23:49:27,10,sensor-40,23.14,45.79,4130
2024-01-01T23:58:17,10,sensor-50,17.94,46.86,4160
2024-01-02T00:07:07,10,sensor-10,13.97,55.01,3530
2024-01-01T00:15:57,10,sensor-20,23.79,36.44,3363
2024-01-02T00:24:47,10,sensor-30,27.53,34.22,4016
2024-01-01T00:33:37,10,sensor-40,16.19,71.07,3114
2024-01-02T00:42:27,10,sensor-50,22.79,54.57,3725
2024-01-01T00:51:17,10,sensor-10,21.64,59.19,3055
2024-01-02T01:00:07,10,sensor-20,19.86,41.28,3796
2024-01-01T01:08:57,10,sensor-30,28.30,34.51,3843
2024-01-02T01:17:47,10,sensor-40,22.89,35.88,3970
2024-01-01T01:26:37,10,sensor-50,20.56,61.23,3391
2024-01-02T01:35:27,10,sensor-10,25.23,47.33,3849
2024-01-01T01:44:17,10,sensor-20,20.12,28.65,3579
2024-01-02T01:53:07,10,sensor-30,22.14,61.82,3396
2024-01-01T02:01:57,10,sensor-40,22.23,63.66,3890
2024-01-02T02:10:47,10,sensor-50,22.16,31.29,3581
2024-01-01T02:19:37,10,sensor-10,22.58,28.20,3464
2024-01-02T02:28:27,10,sensor-20,21.38,40.69,3737
2024-01-01T02:37:17,10,sensor-30,19.26,26.40,3600
2024-01-02T02:46:07,10,sensor-40,14.60,48.84,3621
2024-01-01T02:54:57,10,sensor-50,20.90,58.12,3308
2024-01-02T03:03:47,10,sensor-10,23.90,47.16,3903
2024-01-01T03:12:37,10,sensor-20,16.33,41.98,3706
2024-01-02T03:21:27,10,sensor-30,26.33,35.18,3297
2024-01-01T03:30:17,10,sensor-40,24.03,57.61,3793
2024-01-02T03:39:07,10,sensor-50,23.96,69.79,3811
2024-01-01T03:47:57,10,sensor-10,26.45,47.33,3329
2024-01-02T03:56:47,10,sensor-20,26.71,38.22,3364
2024-01-01T04:05:37,10,sensor-30,18.75,65.92,3888
2024-01-02T04:14:27,10,sensor-40,27.16,29.26,3889
2024-01-01T04:23:17,10,sensor-50,22.95,36.15,3431
2024-01-02T04:32:07,10,sensor-10,21.39,42.22,4171
2024-01-01T04:40:57,10,sensor-20,22.31,53.68,3090
2024-01-02T04:49:47,10,sensor-30,16.67,33.69,3611
2024-01-01T04:58:37,10,sensor-40,21.13,32.63,3590
2024-01-02T05:07:27,10,sensor-50,19.71,46.90,3925
2024-01-01T05:16:17,10,sensor-10,23.58,35.25,4061
2024-01-02T05:25:07,10,sensor-20,11.60,36.41,3334
2024-01-01T05:33:57,10,sensor-30,22.29,40.48,3095
2024-01-02T05:42:47,10,sensor-40,23.27,70.25,3412
2024-01-01T05:51:37,10,sensor-50,21.03,54.28,4099
2024-01-02T06:00:27,10,sensor-10,28.96,23.14,4169
2024-01-01T06:09:17,10,sensor-20,14.80,64.49,3228
2024-01-02T06:18:07,10,sensor-30,21.60,50.82,3366
2024-01-01T06:26:57,10,sensor-40,23.63,41.67,3006
2024-01-02T06:35:47,10,sensor-50,23.11,34.90,3108
2024-01-01T06:44:37,10,sensor-10,17.21,41.88,3827
2024-01-02T06:53:27,10,sensor-20,28.30,37.11,3988
2024-01-01T07:02:17,10,sensor-30,27.43,46.32,3309
2024-01-02T07:11:07,10,sensor-40,21.62,10.66,3295
2024-01-01T07:19:57,10,sensor-50,22.58,65.71,3901
2024-01-02T07:28:47,10,sensor-10,17.32,68.48,4074
2024-01-01T07:37:37,10,sensor-20,21.90,37.59,4026
2024-01-02T07:46:27,10,sensor-30,18.28,54.20,3386
2024-01-01T07:55:17,10,sensor-40,23.45,23.01,3563
2024-01-02T08:04:07,10,sensor-50,22.55,52.31,3850
2024-01-01T08:12:57,10,sensor-10,17.51,64.37,3367
2024-01-02T08:21:47,10,sensor-20,15.75,29.54,3538
2024-01-01T08:30:37,10,sensor-30,21.89,41.66,3328
2024-01-02T08:39:27,10,sensor-40,17.63,49.22,3771
2024-01-01T08:48:17,10,sensor-50,18.60,61.65,3553
2024-01-02T08:57:07,10,sensor-10,23.28,69.51,3630
2024-01-01T09:05:57,10,sensor-20,27.40,35.51,3614
2024-01-02T09:14:47,10,sensor-30,13.76,43.79,3381
2024-01-01T09:23:37,10,sensor-40,25.32,37.98,3168
2024-01-02T09:32:27,10,sensor-50,25.17,61.63,4107
2024-01-01T09:41:17,10,sensor-10,23.18,54.54,3819
2024-01-02T09:50:07,10,sensor-20,19.39,24.93,4118
2024-01-01T09:58:57,10,sensor-30,16.59,45.28,3332
2024-01-02T10:07:47,10,sensor-40,15.40,42.09,3583
2024-01-01T10:16:37,10,sensor-50,21.73,54.57,3364
2024-01-02T10:25:27,10,sensor-10,26.42,30.97,4074
2024-01-01T10:34:17,10,sensor-20,23.65,42.85,3818
2024-01-02T10:43:07,10,sensor-30,24.55,48.26,4009
2024-01-01T10:51:57,10,sensor-40,19.06,65.81,3621
2024-01-02T11:00:47,10,sensor-50,20.62,29.73,3980
2024-01-01T11:09:37,10,sensor-10,21.99,30.73,3284
2024-01-02T11:18:27,10,sensor-20,19.34,41.44,3969
2024-01-01T11:27:17,10,sensor-30,21.35,53.97,4161
2024-01-02T11:36:07,10,sensor-40,22.47,34.14,3386
2024-01-01T11:44:57,10,sensor-50,14.26,38.15,3839
2024-01-02T11:53:47,10,sensor-10,26.95,43.21,3985
2024-01-01T12:02:37,10,sensor-20,25.32,64.27,3753
2024-01-02T12:11:27,10,sensor-30,16.95,51.53,3865
2024-01-01T12:20:17,10,sensor-40,24.17,26.29,3618
2024-01-02T12:29:07,10,sensor-50,14.62,41.60,3630
2024-01-01T12:37:57,10,sensor-10,22.31,36.27,3475
2024-01-02T12:46:47,10,sensor-20,24.49,36.00,3060
2024-01-01T12:55:37,10,sensor-30,26.28,31.53,3921
2024-01-02T13:04:27,10,sensor-40,24.31,20.61,3093
2024-01-01T13:13:17,10,sensor-50,22.26,64.81,3984
2024-01-02T13:22:07,10,sensor-10,22.72,30.78,4149
2024-01-01T13:30:57,10,sensor-20,19.33,36.24,3666
2024-01-02T13:39:47,10,sensor-30,20.41,65.60,3368
2024-01-01T13:48:37,10,sensor-40,20.45,44.50,3828
2024-01-02T13:57:27,10,sensor-50,27.31,49.22,3901
2024-01-01T14:06:17,10,sensor-10,19.70,50.55,3510
2024-01-02T14:15:07,10,sensor-20,28.04,61.54,3045
2024-01-01T14:23:57,10,sensor-30,20.69,19.54,4017
2024-01-02T14:32:47,10,sensor-40,23.79,34.97,3552
2024-01-01T14:41:37,10,sensor-50,18.57,50.93,4084
2024-01-02T14:50:27,10,sensor-10,21.52,50.03,3072
2024-01-01T14:59:17,10,sensor-20,16.39,33.43,3559
2024-01-02T15:08:07,10,sensor-30,28.38,44.66,4149
2024-01-01T15:16:57,10,sensor-40,20.39,64.51,3802
2024-01-02T15:25:47,10,sensor-50,22.24,6.15,3434
2024-01-01T15:34:37,10,sensor-10,20.38,38.13,3567
2024-01-02T15:43:27,10,sensor-20,21.53,59.02,3963
2024-01-01T15:52:17,10,sensor-30,25.78,49.76,3094
2024-01-02T16:01:07,10,sensor-40,24.35,55.88,3881
2024-01-01T16:09:57,10,sensor-50,22.02,34.93,3488
2024-01-02T16:18:47,10,sensor-10,-100.00,999.00,3725
2024-01-01T16:27:37,10,sensor-20,18.17,50.24,3830
2024-01-02T16:36:27,10,sensor-30,24.73,30.80,4187
2024-01-01T16:45:17,10,sensor-40,22.73,48.41,3615
2024-01-02T16:54:07,10,sensor-50,25.78,39.71,3665
2024-01-01T17:02:57,10,sensor-10,28.80,46.14,4177
2024-01-02T17:11:47,10,sensor-20,24.67,44.52,4197
2024-01-01T17:20:37,10,sensor-30,16.84,50.19,3490
2024-01-02T17:29:27,10,sensor-40,16.04,34.64,3642
2024-01-01T17:38:17,10,sensor-50,18.81,45.62,3556
2024-01-02T17:47:07,10,sensor-10,18.97,30.82,3998
2024-01-01T17:55:57,10,sensor-20,22.82,51.88,3178
2024-01-02T18:04:47,10,sensor-30,22.85,47.46,3847
2024-01-01T18:13:37,10,sensor-40,12.29,58.27,3510
2024-01-02T18:22:27,10,sensor-50,25.92,25.79,3027
2024-01-01T18:31:17,10,sensor-10,17.71,63.35,3127
2024-01-02T18:40:07,10,sensor-20,22.31,19.45,3584
2024-01-01T18:48:57,10,sensor-30,21.26,35.16,3814
2024-01-02T18:57:47,10,sensor-40,22.41,45.51,3325
2024-01-01T19:06:37,10,sensor-50,23.53,37.18,3293
2024-01-02T19:15:27,10,sensor-10,16.69,26.29,3715
2024-01-01T19:24:17,10,sensor-20,25.02,55.45,3482
2024-01-02T19:33:07,10,sensor-30,20.76,25.79,3150
2024-01-01T19:41:57,10,sensor-40,23.20,55.28,4051
2024-01-02T19:50:47,10,sensor-50,17.10,34.02,3306
2024-01-01T19:59:37,10,sensor-10,16.78,43.08,3437
2024-01-02T20:08:27,10,sensor-20,20.99,50.01,3770
2024-01-01T20:17:17,10,sensor-30,20.50,30.64,3061
2024-01-02T20:26:07,10,sensor-40,22.48,43.05,3393
2024-01-01T20:34:57,10,sensor-50,25.45,45.16,3460
2024-01-02T20:43:47,10,sensor-10,23.25,36.79,3893
2024-01-01T20:52:37,10,sensor-20,24.16,30.29,3628
2024-01-02T21:01:27,10,sensor-30,21.73,47.26,3896
2024-01-01T21:10:17,10,sensor-40,16.54,54.98,4033
2024-01-02T21:19:07,10,sensor-50,14.26,47.59,3971
2024-01-01T21:27:57,10,sensor-10,20.01,43.34,3781
2024-01-02T21:36:47,10,sensor-20,24.38,45.04,3016
2024-01-01T21:45:37,10,sensor-30,21.34,33.00,3171
2024-01-02T21:54:27,10,sensor-40,22.80,21.96,3821
2024-01-01T22:03:17,10,sensor-50,19.30,49.65,4141
2024-01-02T22:12:07,10,sensor-10,22.40,60.38,3702
2024-01-01T22:20:57,10,sensor-20,15.51,46.33,3041
2024-01-02T22:29:47,10,sensor-30,21.44,39.57,4053
2024-01-01T22:38:37,10,sensor-40,25.44,71.32,3580
2024-01-02T22:47:27,10,sensor-50,25.54,32.13,3140
2024-01-01T22:56:17,10,sensor-10,20.79,41.83,3617
2024-01-02T23:05:07,10,sensor-20,26.36,56.81,3797
2024-01-01T23:13:57,10,sensor-30,24.82,51.76,3895
2024-01-02T23:22:47,10,sensor-40,21.21,52.10,3341
2024-01-01T23:31:37,10,sensor-50,19.68,15.92,3780
2024-01-02T23:40:27,10,sensor-10,20.69,49.90,3346
2024-01-01T23:49:17,10,sensor-20,23.06,45.49,4042
2024-01-02T23:58:07,10,sensor-30,15.84,37.52,3115
2024-01-01T00:06:57,10,sensor-40,28.44,29.91,3978
2024-01-02T00:15:47,10,sensor-50,15.21,42.60,3599
2024-01-01T00:24:37,10,sensor-10,28.65,34.55,3683
2024-01-02T00:33:27,10,sensor-20,18.02,33.05,3398
2024-01-01T00:42:17,10,sensor-30,20.21,58.19,3618
2024-01-02T00:51:07,10,sensor-40,25.43,30.79,3544
2024-01-01T00:59:57,10,sensor-50,15.17,32.99,3744
2024-01-02T01:08:47,10,sensor-10,22.34,15.36,3972
2024-01-01T01:17:37,10,sensor-20,26.66,38.24,3052
2024-01-02T01:26:27,10,sensor-30,30.10,28.79,3644
2024-01-01T01:35:17,10,sensor-40,14.41,23.25,3502
2024-01-02T01:44:07,10,sensor-50,23.53,38.70,3818
2024-01-01T01:52:57,10,sensor-10,23.37,55.15,3729
2024-01-02T02:01:47,10,sensor-20,20.10,60.03,3524
2024-01-01T02:10:37,10,sensor-30,15.14,53.54,3705
2024-01-02T02:19:27,10,sensor-40,21.57,54.98,4145
2024-01-01T02:28:17,10,sensor-50,16.27,37.01,3426
2024-01-02T02:37:07,10,sensor-10,21.81,58.43,3719
2024-01-01T02:45:57,10,sensor-20,26.10,30.83,3713
2024-01-02T02:54:47,10,sensor-30,25.38,48.44,3454
2024-01-01T03:03:37,10,sensor-40,23.38,42.69,3317
2024-01-02T03:12:27,10,sensor-50,25.99,42.43,3032
2024-01-01T03:21:17,10,sensor-10,18.31,52.50,4059
2024-01-02T03:30:07,10,sensor-20,20.21,39.93,3305
2024-01-01T03:38:57,10,sensor-30,21.12,51.55,4073
2024-01-02T03:47:47,10,sensor-40,22.83,49.91,3098
2024-01-01T03:56:37,10,sensor-50,22.69,35.81,3343
2024-01-02T04:05:27,10,sensor-10,20.51,56.67,3765
2024-01-01T04:14:17,10,sensor-20,25.67,52.83,4181
2024-01-02T04:23:07,10,sensor-30,20.01,28.34,3788
2024-01-01T04:31:57,10,sensor-40,24.57,51.45,3239
2024-01-02T04:40:47,10,sensor-50,27.13,36.78,3044
2024-01-01T04:49:37,10,sensor-10,23.42,44.51,3003
2024-01-02T04:58:27,10,sensor-20,20.69,27.69,4145
2024-01-01T05:07:17,10,sensor-30,17.87,33.03,3539
2024-01-02T05:16:07,10,sensor-40,11.77,43.70,3470
2024-01-01T05:24:57,10,sensor-50,18.39,48.29,3618
2024-01-02T05:33:47,10,sensor-10,21.65,39.19,3681
2024-01-01T05:42:37,10,sensor-20,19.50,30.73,3423
2024-01-02T05:51:27,10,sensor-30,18.55,40.86,3700
2024-01-01T06:00:17,10,sensor-40,21.80,44.59,3357
2024-01-02T06:09:07,10,sensor-50,19.59,37.29,3056
2024-01-01T06:17:57,10,sensor-10,21.54,49.63,3036
2024-01-02T06:26:47,10,sensor-20,20.18,49.75,3165
2024-01-01T06:35:37,10,sensor-30,18.22,39.74,3891
2024-01-02T06:44:27,10,sensor-40,22.46,43.82,3793
2024-01-01T06:53:17,10,sensor-50,17.44,28.57,3623
2024-01-02T07:02:07,10,sensor-10,200.00,150.00,4188
2024-01-01T07:10:57,10,sensor-20,23.23,36.83,3728
2024-01-02T07:19:47,10,sensor-30,21.96,56.25,3891
2024-01-01T07:28:37,10,sensor-40,21.23,69.11,4043
2024-01-02T07:37:27,10,sensor-50,26.58,51.14,3517
2024-01-01T07:46:17,10,sensor-10,25.20,13.91,3434
2024-01-02T07:55:07,10,sensor-20,12.60,43.46,3970
2024-01-01T08:03:57,10,sensor-30,27.06,51.43,3068
2024-01-02T08:12:47,10,sensor-40,18.55,40.21,3827
2024-01-01T08:21:37,10,sensor-50,17.00,58.13,3123
2024-01-02T08:30:27,10,sensor-10,26.65,42.80,3938
2024-01-01T08:39:17,10,sensor-20,15.85,54.46,4094
2024-01-02T08:48:07,10,sensor-30,39.33,37.17,3671
2024-01-01T08:56:57,10,sensor-40,26.51,33.50,4080
2024-01-02T09:05:47,10,sensor-50,26.47,53.07,3120
2024-01-01T09:14:37,10,sensor-10,25.20,35.50,3154
2024-01-02T09:23:27,10,sensor-20,17.66,34.44,3538
2024-01-01T09:32:17,10,sensor-30,22.04,52.71,3965
2024-01-02T09:41:07,10,sensor-40,21.83,27.22,3707
2024-01-01T09:49:57,10,sensor-50,17.98,48.13,3353
2024-01-02T09:58:47,10,sensor-10,26.08,42.02,3631
2024-01-01T10:07:37,10,sensor-20,23.24,21.24,3492
2024-01-02T10:16:27,10,sensor-30,18.25,31.52,3284
2024-01-01T10:25:17,10,sensor-40,31.60,56.74,3287
2024-01-02T10:34:07,10,sensor-50,24.83,34.61,3271
2024-01-01T10:42:57,10,sensor-10,15.39,60.43,3799
2024-01-02T10:51:47,10,sensor-20,30.58,39.22,3102
2024-01-01T11:00:37,10,sensor-30,20.85,46.69,3998
2024-01-02T11:09:27,10,sensor-40,19.76,48.25,3166
2024-01-01T11:18:17,10,sensor-50,20.68,35.70,3661
2024-01-02T11:27:07,10,sensor-10,22.78,62.04,3793
2024-01-01T11:35:57,10,sensor-20,26.74,47.43,4005
2024-01-02T11:44:47,10,sensor-30,18.31,54.42,3093
2024-01-01T11:53:37,10,sensor-40,23.29,56.05,3231
2024-01-02T12:02:27,10,sensor-50,18.94,37.19,3910
2024-01-01T12:11:17,10,sensor-10,22.96,35.89,3123
2024-01-02T12:20:07,10,sensor-20,19.35,46.58,3811
2024-01-01T12:28:57,10,sensor-30,20.79,45.36,3487
2024-01-02T12:37:47,10,sensor-40,15.51,57.19,3663
2024-01-01T12:46:37,10,sensor-50,21.55,45.03,3324
2024-01-02T12:55:27,10,sensor-10,21.54,48.13,3953
2024-01-01T13:04:17,10,sensor-20,17.22,39.07,3360
2024-01-02T13:13:07,10,sensor-30,17.15,31.48,3386
2024-01-01T13:21:57,10,sensor-40,25.01,20.24,3456
2024-01-02T13:30:47,10,sensor-50,18.72,36.60,3186
2024-01-01T13:39:37,10,sensor-10,28.37,47.07,4155
2024-01-02T13:48:27,10,sensor-20,21.62,39.03,3968
2024-01-01T13:57:17,10,sensor-30,17.28,54.49,4180
2024-01-02T14:06:07,10,sensor-40,20.13,32.11,3362
2024-01-01T14:14:57,10,sensor-50,31.86,41.92,3219
2024-01-02T14:23:47,10,sensor-10,15.72,62.47,3240
2024-01-01T14:32:37,10,sensor-20,22.43,45.80,3984
2024-01-02T14:41:27,10,sensor-30,21.95,42.01,3074
2024-01-01T14:50:17,10,sensor-40,23.94,41.68,3848
2024-01-02T14:59:07,10,sensor-50,21.51,45.93,3053
2024-01-01T15:07:57,10,sensor-10,21.49,44.40,3524
2024-01-02T15:16:47,10,sensor-20,21.98,52.62,3842
2024-01-01T15:25:37,10,sensor-30,21.30,53.37,3127
2024-01-02T15:34:27,10,sensor-40,23.56,46.01,3268
2024-01-01T15:43:17,10,sensor-50,25.49,18.33,3921
2024-01-02T15:52:07,10,sensor-10,16.58,30.42,3849
2024-01-01T16:00:57,10,sensor-20,20.71,40.79,3320
2024-01-02T16:09:47,10,sensor-30,17.82,36.70,3982
2024-01-01T16:18:37,10,sensor-40,19.83,60.78,3605
2024-01-02T16:27:27,10,sensor-50,16.28,33.03,3424
2024-01-01T16:36:17,10,sensor-10,17.21,34.09,3135
2024-01-02T16:45:07,10,sensor-20,18.18,44.54,3774
2024-01-01T16:53:57,10,sensor-30,9.15,55.28,4090
2024-01-02T17:02:47,10,sensor-40,26.21,43.28,4019
2024-01-01T17:11:37,10,sensor-50,22.02,59.79,3395
2024-01-02T17:20:27,10,sensor-10,19.59,29.40,3851
2024-01-01T17:29:17,10,sensor-20,19.07,37.25,3438
2024-01-02T17:38:07,10,sensor-30,23.08,23.64,4003
2024-01-01T17:46:57,10,sensor-40,21.74,53.44,3904
2024-01-02T17:55:47,10,sensor-50,19.36,39.35,3426
2024-01-01T18:04:37,10,sensor-10,25.53,28.19,4186
2024-01-02T18:13:27,10,sensor-20,15.91,47.37,3378
2024-01-01T18:22:17,10,sensor-30,23.31,50.91,3640
2024-01-02T18:31:07,10,sensor-40,22.60,40.84,3535
2024-01-01T18:39:57,10,sensor-50,20.89,48.31,3302
2024-01-02T18:48:47,10,sensor-10,25.05,44.04,3205
2024-01-01T18:57:37,10,sensor-20,18.90,48.02,3432
2024-01-02T19:06:27,10,sensor-30,20.42,51.34,3299
2024-01-01T19:15:17,10,sensor-40,18.92,59.05,3746
2024-01-02T19:24:07,10,sensor-50,27.09,24.60,3964
2024-01-01T19:32:57,10,sensor-10,19.09,29.35,3015
2024-01-02T19:41:47,10,sensor-20,19.40,50.53,3833
2024-01-01T19:50:37,10,sensor-30,23.19,54.78,3687
2024-01-02T19:59:27,10,sensor-40,25.18,27.11,3097
2024-01-01T20:08:17,10,sensor-50,20.26,29.21,3085
2024-01-02T20:17:07,10,sensor-10,18.24,41.13,3570
2024-01-01T20:25:57,10,sensor-20,15.91,56.19,3141
2024-01-02T20:34:47,10,sensor-30,19.40,39.89,3159
2024-01-01T20:43:37,10,sensor-40,29.24,27.24,3505
2024-01-02T20:52:27,10,sensor-50,28.69,58.33,3833
2024-01-01T21:01:17,10,sensor-10,17.69,59.42,3461
2024-01-02T21:10:07,10,sensor-20,22.20,28.85,4091
2024-01-01T21:18:57,10,sensor-30,24.38,42.43,3467
2024-01-02T21:27:47,10,sensor-40,22.77,26.18,3681
2024-01-01T21:36:37,10,sensor-50,22.57,37.59,3385
2024-01-02T21:45:27,10,sensor-10,16.03,39.84,3186
2024-01-01T21:54:17,10,sensor-20,24.36,52.76,3886
2024-01-02T22:03:07,10,sensor-30,21.13,24.18,3411
2024-01-01T22:11:57,10,sensor-40,27.22,46.46,3413
2024-01-02T22:20:47,10,sensor-50,23.02,11.88,3073
2024-01-01T22:29:37,10,sensor-10,22.88,63.87,3908
2024-01-02T22:38:27,10,sensor-20,17.30,79.10,3759
2024-01-01T22:47:17,10,sensor-30,22.20,36.97,3916
2024-01-02T22:56:07,10,sensor-40,24.41,48.21,3130
2024-01-01T23:04:57,10,sensor-50,25.66,36.09,3534
2024-01-02T23:13:47,10,sensor-10,23.24,42.18,3751
2024-01-01T23:22:37,10,sensor-20,28.02,61.60,3011
2024-01-02T23:31:27,10,sensor-30,16.46,34.56,4023
2024-01-01T23:40:17,10,sensor-40,19.03,47.25,3701
2024-01-02T23:49:07,10,sensor-50,23.09,51.45,3330
2024-01-01T23:57:57,10,sensor-10,23.99,38.66,3962
2024-01-02T00:06:47,10,sensor-20,19.99,46.03,3222
2024-01-01T00:15:37,10,sensor-30,9.90,39.21,3891
2024-01-02T00:24:27,10,sensor-40,21.38,57.81,3878
2024-01-01T00:33:17,10,sensor-50,27.73,38.06,3835
2024-01-02T00:42:07,10,sensor-10,25.54,62.72,3151
2024-01-01T00:50:57,10,sensor-20,26.39,41.41,3013
2024-01-02T00:59:47,10,sensor-30,16.19,50.84,3616
2024-01-01T01:08:37,10,sensor-40,24.81,45.35,3202
2024-01-02T01:17:27,10,sensor-50,22.82,43.02,3256
2024-01-01T01:26:17,10,sensor-10,17.21,52.07,3055
2024-01-02T01:35:07,10,sensor-20,10.60,57.08,3669
2024-01-01T01:43:57,10,sensor-30,21.94,44.15,3985
2024-01-02T01:52:47,10,sensor-40,20.30,54.04,3258
2024-01-01T02:01:37,10,sensor-50,22.87,47.27,3376
2024-01-02T02:10:27,10,sensor-10,22.71,32.37,3617
2024-01-01T02:19:17,10,sensor-20,23.87,23.12,4167
2024-01-02T02:28:07,10,sensor-30,20.56,44.09,3540
2024-01-01T02:36:57,10,sensor-40,21.88,44.17,4012
2024-01-02T02:45:47,10,sensor-50,20.66,46.77,4088
2024-01-01T02:54:37,10,sensor-10,19.36,28.96,3671
2024-01-02T03:03:27,10,sensor-20,20.79,46.42,3736
2024-01-01T03:12:17,10,sensor-30,21.73,32.78,3090
2024-01-02T03:21:07,10,sensor-40,23.11,42.69,3170
2024-01-01T03:29:57,10,sensor-50,23.49,48.89,3998
2024-01-02T03:38:47,10,sensor-10,18.45,59.26,3229
2024-01-01T03:47:37,10,sensor-20,32.87,54.55,3961
2024-01-02T03:56:27,10,sensor-30,25.26,35.18,3628
2024-01-01T04:05:17,10,sensor-40,23.22,56.70,3518
2024-01-02T04:14:07,10,sensor-50,22.77,48.39,3839
2024-01-01T04:22:57,10,sensor-10,18.53,33.83,3312
2024-01-02T04:31:47,10,sensor-20,24.24,43.13,3873
2024-01-01T04:40:37,10,sensor-30,21.30,46.99,3709
2024-01-02T04:49:27,10,sensor-40,22.67,32.97,3787
2024-01-01T04:58:17,10,sensor-50,20.75,58.93,3139
2024-01-02T05:07:07,10,sensor-10,26.63,55.93,3621
2024-01-01T05:15:57,10,sensor-20,25.97,49.86,3081
2024-01-02T05:24:47,10,sensor-30,17.13,26.91,3546
2024-01-01T05:33:37,10,sensor-40,21.14,41.49,3488
2024-01-02T05:42:27,10,sensor-50,12.70,38.25,3086
2024-01-01T05:51:17,10,sensor-10,18.91,54.39,3362
2024-01-02T06:00:07,10,sensor-20,28.32,32.49,4072
2024-01-01T06:08:57,10,sensor-30,23.95,58.91,3986
2024-01-02T06:17:47,10,sensor-40,14.02,55.27,3326
2024-01-01T06:26:37,10,sensor-50,23.62,46.93,3755
2024-01-02T06:35:27,10,sensor-10,29.53,37.26,3198
2024-01-01T06:44:17,10,sensor-20,19.62,54.51,3112
2024-01-02T06:53:07,10,sensor-30,25.08,56.04,4112
2024-01-01T07:01:57,10,sensor-40,27.74,49.73,4064
2024-01-02T07:10:47,10,sensor-50,19.71,30.88,4010
2024-01-01T07:19:37,10,sensor-10,27.63,51.71,3843
2024-01-02T07:28:27,10,sensor-20,23.97,48.03,3880
2024-01-01T07:37:17,10,sensor-30,19.88,46.32,4142
2024-01-02T07:46:07,10,sensor-40,20.30,43.84,3769
2024-01-01T07:54:57,10,sensor-50,24.44,37.84,3855
2024-01-02T08:03:47,10,sensor-10,17.61,45.29,3070
2024-01-01T08:12:37,10,sensor-20,23.21,55.37,3264
2024-01-02T08:21:27,10,sensor-30,27.65,44.09,4083
2024-01-01T08:30:17,10,sensor-40,24.28,38.40,3376
2024-01-02T08:39:07,10,sensor-50,20.51,53.21,3492
2024-01-01T08:47:57,10,sensor-10,16.16,34.42,3086
2024-01-02T08:56:47,10,sensor-20,29.02,43.70,4148
2024-01-01T09:05:37,10,sensor-30,23.00,59.53,3300
2024-01-02T09:14:27,10,sensor-40,20.74,47.55,3657
2024-01-01T09:23:17,10,sensor-50,21.14,54.91,3725
2024-01-02T09:32:07,10,sensor-10,18.63,31.57,3870
2024-01-01T09:40:57,10,sensor-20,20.87,41.56,4039
2024-01-02T09:49:47,10,sensor-30,24.02,64.56,3371
2024-01-01T09:58:37,10,sensor-40,27.64,18.53,3910
2024-01-02T10:07:27,10,sensor-50,20.10,49.73,4009
2024-01-01T10:16:17,10,sensor-10,30.94,38.17,3320
2024-01-02T10:25:07,10,sensor-20,20.95,31.32,3471
2024-01-01T10:33:57,10,sensor-30,21.19,60.14,4128
2024-01-02T10:42:47,10,sensor-40,27.96,36.57,3817
2024-01-01T10:51:37,10,sensor-50,19.98,54.52,3691
2024-01-02T11:00:27,10,sensor-10,19.76,34.54,3036
2024-01-01T11:09:17,10,sensor-20,28.44,60.81,3623
2024-01-02T11:18:07,10,sensor-30,17.90,49.97,3594
2024-01-01T11:26:57,10,sensor-40,20.24,32.58,4148
2024-01-02T11:35:47,10,sensor-50,18.78,49.61,3852
2024-01-01T11:44:37,10,sensor-10,21.10,26.75,3808
2024-01-02T11:53:27,10,sensor-20,20.83,30.64,3128
2024-01-01T12:02:17,10,sensor-30,17.88,21.50,3346
2024-01-02T12:11:07,10,sensor-40,16.65,48.85,3758
2024-01-01T12:19:57,10,sensor-50,22.18,43.22,3821
2024-01-02T12:28:47,10,sensor-10,23.75,27.32,3251
2024-01-01T12:37:37,10,sensor-20,25.38,46.86,3295
2024-01-02T12:46:27,10,sensor-30,27.19,34.77,4106
2024-01-01T12:55:17,10,sensor-40,19.70,42.91,3742
2024-01-02T13:04:07,10,sensor-50,12.33,43.29,3107
2024-01-01T13:12:57,10,sensor-10,25.45,45.84,3288
2024-01-02T13:21:47,10,sensor-20,15.78,48.39,3501
2024-01-01T13:30:37,10,sensor-30,19.07,36.66,3206
2024-01-02T13:39:27,10,sensor-40,27.07,59.60,3753
2024-01-01T13:48:17,10,sensor-50,16.62,40.56,4079
2024-01-02T13:57:07,10,sensor-10,23.52,60.59,3847
2024-01-01T14:05:57,10,sensor-20,23.04,45.60,3734
2024-01-02T14:14:47,10,sensor-30,17.31,36.46,3542
2024-01-01T14:23:37,10,sensor-40,18.73,40.07,4006
2024-01-02T14:32:27,10,sensor-50,23.84,60.59,3287
2024-01-01T14:41:17,10,sensor-10,21.93,25.75,4168
2024-01-02T14:50:07,10,sensor-20,23.01,36.79,3033
2024-01-01T14:58:57,10,sensor-30,24.75,67.87,4058
2024-01-02T15:07:47,10,sensor-40,23.36,36.79,3651
2024-01-01T15:16:37,10,sensor-50,25.58,61.50,3059
2024-01-02T15:25:27,10,sensor-10,21.46,26.79,3516
2024-01-01T15:34:17,10,sensor-20,20.23,42.63,3417
2024-01-02T15:43:07,10,sensor-30,20.44,46.99,3536
2024-01-01T15:51:57,10,sensor-40,24.19,35.09,3633
2024-01-02T16:00:47,10,sensor-50,26.38,34.83,3452
2024-01-01T16:09:37,10,sensor-10,26.15,28.89,3323
2024-01-02T16:18:27,10,sensor-20,22.08,54.73,3867
2024-01-01T16:27:17,10,sensor-30,23.03,64.16,4067
2024-01-02T16:36:07,10,sensor-40,22.74,40.41,4125
2024-01-01T16:44:57,10,sensor-50,26.57,37.10,3696
2024-01-02T16:53:47,10,sensor-10,20.76,60.23,3299
2024-01-01T17:02:37,10,sensor-20,25.05,54.31,3721
2024-01-02T17:11:27,10,sensor-30,19.10,51.34,3813
2024-01-01T17:20:17,10,sensor-40,24.75,29.56,3891
2024-01-02T17:29:07,10,sensor-50,20.14,51.11,3793
2024-01-01T17:37:57,10,sensor-10,25.66,38.59,3027
2024-01-02T17:46:47,10,sensor-20,31.48,32.13,3713
2024-01-01T17:55:37,10,sensor-30,14.82,55.51,3167
2024-01-02T18:04:27,10,sensor-40,20.02,48.39,3630
2024-01-01T18:13:17,10,sensor-50,23.59,45.48,3540
2024-01-02T18:22:07,10,sensor-10,23.24,54.27,3981
2024-01-01T18:30:57,10,sensor-20,21.75,43.13,3272
2024-01-02T18:39:47,10,sensor-30,22.08,35.64,3129
2024-01-01T18:48:37,10,sensor-40,19.72,34.18,4004
2024-01-02T18:57:27,10,sensor-50,21.19,13.96,3518
2024-01-01T19:06:17,10,sensor-10,21.51,65.75,3805
2024-01-02T19:15:07,10,sensor-20,13.66,33.53,3138
2024-01-01T19:23:57,10,sensor-30,16.09,55.37,4062
2024-01-02T19:32:47,10,sensor-40,24.13,38.56,3710
2024-01-01T19:41:37,10,sensor-50,19.09,68.53,3901
2024-01-02T19:50:27,10,sensor-10,20.67,64.86,3341
2024-01-01T19:59:17,10,sensor-20,27.83,28.36,3739
2024-01-02T20:08:07,10,sensor-30,19.63,53.65,3423
2024-01-01T20:16:57,10,sensor-40,25.83,15.42,3952
2024-01-02T20:25:47,10,sensor-50,22.03,49.69,3632
2024-01-01T20:34:37,10,sensor-10,22.36,54.90,3775
2024-01-02T20:43:27,10,sensor-20,25.61,62.67,4159
2024-01-01T20:52:17,10,sensor-30,26.13,52.10,3128
2024-01-02T21:01:07,10,sensor-40,28.97,44.32,3885
2024-01-01T21:09:57,10,sensor-50,19.43,41.06,3407
2024-01-02T21:18:47,10,sensor-10,18.68,40.89,3195
2024-01-01T21:27:37,10,sensor-20,16.07,38.90,3353
2024-01-02T21:36:27,10,sensor-30,20.83,46.12,3001
2024-01-01T21:45:17,10,sensor-40,25.51,34.36,3105
2024-01-02T21:54:07,10,sensor-50,22.62,35.73,3294
2024-01-01T22:02:57,10,sensor-10,29.43,50.45,3034
2024-01-02T22:11:47,10,sensor-20,26.65,45.22,3235
2024-01-01T22:20:37,10,sensor-30,22.00,34.59,3974
2024-01-02T22:29:27,10,sensor-40,14.44,61.37,3435
2024-01-01T22:38:17,10,sensor-50,21.68,40.58,3387
2024-01-02T22:47:07,10,sensor-10,22.02,30.64,3415
2024-01-01T22:55:57,10,sensor-20,19.01,37.87,3428
2024-01-02T23:04:47,10,sensor-30,20.51,20.21,3115
2024-01-01T23:13:37,10,sensor-40,19.75,47.23,3532
2024-01-02T23:22:27,10,sensor-50,27.05,54.33,3332
2024-01-01T23:31:17,10,sensor-10,23.81,49.75,3740
2024-01-02T23:40:07,10,sensor-20,23.88,45.81,3013
2024-01-01T23:48:57,10,sensor-30,19.96,22.38,3397
2024-01-02T23:57:47,10,sensor-40,21.14,40.38,4120
2024-01-01T00:06:37,10,sensor-50,22.05,58.84,3813
2024-01-02T00:15:27,10,sensor-10,24.06,46.78,3440
2024-01-01T00:24:17,10,sensor-20,18.30,40.40,3127
2024-01-02T00:33:07,10,sensor-30,15.37,51.37,3377
2024-01-01T00:41:57,10,sensor-40,24.68,36.77,3662
2024-01-02T00:50:47,10,sensor-50,16.30,53.56,3110
2024-01-01T00:59:37,10,sensor-10,17.59,42.34,3320
2024-01-02T01:08:27,10,sensor-20,18.44,53.31,3644
2024-01-01T01:17:17,10,sensor-30,23.53,53.87,3963
2024-01-02T01:26:07,10,sensor-40,26.04,41.82,3362
2024-01-01T01:34:57,10,sensor-50,20.17,55.12,4119
2024-01-02T01:43:47,10,sensor-10,18.93,39.61,4190
2024-01-01T01:52:37,10,sensor-20,23.40,36.21,3292
2024-01-02T02:01:27,10,sensor-30,21.40,55.76,3641
2024-01-01T02:10:17,10,sensor-40,26.79,51.57,3250
2024-01-02T02:19:07,10,sensor-50,14.10,45.76,3968
2024-01-01T02:27:57,10,sensor-10,18.07,74.23,3984
2024-01-02T02:36:47,10,sensor-20,21.15,38.64,3663
2024-01-01T02:45:37,10,sensor-30,32.51,39.36,3455
2024-01-02T02:54:27,10,sensor-40,16.85,34.46,4029
2024-01-01T03:03:17,10,sensor-50,19.07,31.20,4198
2024-01-02T03:12:07,10,sensor-10,29.81,38.22,3936
2024-01-01T03:20:57,10,sensor-20,20.29,50.13,3615
2024-01-02T03:29:47,10,sensor-30,18.27,39.45,3056
2024-01-01T03:38:37,10,sensor-40,14.24,51.04,3455
2024-01-02T03:47:27,10,sensor-50,24.30,56.42,3553
2024-01-01T03:56:17,10,sensor-10,28.49,39.75,3046
2024-01-02T04:05:07,10,sensor-20,24.27,54.44,3737
2024-01-01T04:13:57,10,sensor-30,21.03,45.80,3412
2024-01-02T04:22:47,10,sensor-40,20.20,46.06,3938
2024-01-01T04:31:37,10,sensor-50,26.09,33.56,3018
2024-01-02T04:40:27,10,sensor-10,20.23,70.91,4174
2024-01-01T04:49:17,10,sensor-20,27.98,33.97,3556
2024-01-02T04:58:07,10,sensor-30,22.48,36.88,4147
2024-01-01T05:06:57,10,sensor-40,17.88,31.29,3069
2024-01-02T05:15:47,10,sensor-50,17.35,44.91,3834
2024-01-01T05:24:37,10,sensor-10,25.55,46.58,3836
2024-01-02T05:33:27,10,sensor-20,18.83,41.48,3605
2024-01-01T05:42:17,10,sensor-30,18.67,50.76,4052
2024-01-02T05:51:07,10,sensor-40,17.46,37.89,4024
2024-01-01T05:59:57,10,sensor-50,18.02,47.63,3548
2024-01-02T06:08:47,10,sensor-10,26.52,50.66,3327
2024-01-01T06:17:37,10,sensor-20,19.53,59.27,3107
2024-01-02T06:26:27,10,sensor-30,22.26,49.29,4180
2024-01-01T06:35:17,10,sensor-40,20.38,49.67,3362
2024-01-02T06:44:07,10,sensor-50,20.87,50.86,3851
2024-01-01T06:52:57,10,sensor-10,20.03,33.77,3324
2024-01-02T07:01:47,10,sensor-20,25.26,49.19,3345
2024-01-01T07:10:37,10,sensor-30,21.99,21.65,3437
2024-01-02T07:19:27,10,sensor-40,17.61,55.84,3578
2024-01-01T07:28:17,10,sensor-50,19.45,47.01,3090
2024-01-02T07:37:07,10,sensor-10,23.59,33.10,3125
2024-01-01T07:45:57,10,sensor-20,22.06,38.68,4009
2024-01-02T07:54:47,10,sensor-30,27.32,54.08,3662
2024-01-01T08:03:37,10,sensor-40,28.37,40.31,3771
2024-01-02T08:12:27,10,sensor-50,26.77,50.45,3184
2024-01-01T08:21:17,10,sensor-10,21.15,45.07,3517
2024-01-02T08:30:07,10,sensor-20,28.17,39.71,3285
2024-01-01T08:38:57,10,sensor-30,23.18,42.54,3343
2024-01-02T08:47:47,10,sensor-40,22.26,48.08,3963
2024-01-01T08:56:37,10,sensor-50,29.23,34.94,3503
2024-01-02T09:05:27,10,sensor-10,26.27,48.82,3130
2024-01-01T09:14:17,10,sensor-20,12.62,70.95,3956
2024-01-02T09:23:07,10,sensor-30,18.91,65.10,3816
2024-01-01T09:31:57,10,sensor-40,27.11,68.28,3550
2024-01-02T09:40:47,10,sensor-50,23.97,34.47,3305
2024-01-01T09:49:37,10,sensor-10,18.78,36.29,3247
2024-01-02T09:58:27,10,sensor-20,20.63,53.41,3901
2024-01-01T10:07:17,10,sensor-30,20.67,26.47,3401
2024-01-02T10:16:07,10,sensor-40,17.47,63.97,3014
2024-01-01T10:24:57,10,sensor-50,17.74,27.62,3752
2024-01-02T10:33:47,10,sensor-10,22.12,40.26,3733
2024-01-01T10:42:37,10,sensor-20,24.89,43.29,4147
2024-01-02T10:51:27,10,sensor-30,21.12,63.76,3735
2024-01-01T11:00:17,10,sensor-40,15.91,31.02,3360
2024-01-02T11:09:07,10,sensor-50,20.44,57.08,3490
2024-01-01T11:17:57,10,sensor-10,22.73,44.48,3378
2024-01-02T11:26:47,10,sensor-20,19.03,44.75,3277
2024-01-01T11:35:37,10,sensor-30,23.67,49.08,3725
2024-01-02T11:44:27,10,sensor-40,23.40,45.91,3957
2024-01-01T11:53:17,10,sensor-50,26.23,50.84,3354
2024-01-02T12:02:07,10,sensor-10,22.42,30.58,3633
2024-01-01T12:10:57,10,sensor-20,16.62,58.63,3665
2024-01-02T12:19:47,10,sensor-30,27.86,47.58,3634
2024-01-01T12:28:37,10,sensor-40,29.21,59.46,4077
2024-01-02T12:37:27,10,sensor-50,19.40,55.50,3530
2024-01-01T12:46:17,10,sensor-10,18.14,24.24,3319
2024-01-02T12:55:07,10,sensor-20,20.54,30.10,3062
2024-01-01T13:03:57,10,sensor-30,22.47,70.30,3773
2024-01-02T13:12:47,10,sensor-40,13.38,24.09,3870
2024-01-01T13:21:37,10,sensor-50,24.50,24.55,3194
2024-01-02T13:30:27,10,sensor-10,25.78,52.68,3513
2024-01-01T13:39:17,10,sensor-20,22.57,39.02,3646
2024-01-02T13:48:07,10,sensor-30,23.12,43.23,3062
2024-01-01T13:56:57,10,sensor-40,18.91,33.94,3546
2024-01-02T14:05:47,10,sensor-50,19.41,51.13,3905
